respondent_id,seasonal_vaccine
4757,0.4645214497631372
4758,0.8084896261607587
4759,0.8877103568243149
4760,0.813067694948512
4761,0.19934085508728927
4762,0.8919649716533995
4763,0.522954932487661
4764,0.9417906547591722
4765,0.9579252952224865
4766,0.5025967760384824
4767,0.294696705234828
4768,0.9554437277263697
4769,0.8926209401225496
4770,0.23683266157507618
4771,0.4543736275660929
4772,0.932208932353896
4773,0.2009407755296878
4774,0.7065542255619528
4775,0.47669116209456547
4776,0.37673188747115893
4777,0.4460068573050663
4778,0.20346789388915135
4779,0.30089842398353817
4780,0.9694797735072221
4781,0.014562731801669246
4782,0.19994025398840715
4783,0.8954045952858015
4784,0.12825627187417718
4785,0.17954909808536113
4786,0.7535365385433632
4787,0.4927096113648252
4788,0.5901027063412962
4789,0.5131844293792847
4790,0.9700908532690378
4791,0.10013601546139149
4792,0.2037453202437543
4793,0.5891147897651539
4794,0.91260248507009
4795,0.39590807222971536
4796,0.24019035209476106
4797,0.898256641802889
4798,0.8897953687864295
4799,0.3066807013378687
4800,0.13637156368980696
4801,0.36896317691294545
4802,0.6404122587521648
4803,0.08320223814027652
4804,0.48996880714860985
4805,0.053580050537241186
4806,0.11853800705972112
4807,0.12421626961454198
4808,0.5609556523142845
4809,0.6396014790255162
4810,0.8675973686727692
4811,0.7559078542677377
4812,0.4929853163892686
4813,0.41618761259530607
4814,0.8369323438304358
4815,0.3055702126836854
4816,0.9189778854699512
4817,0.9332778481145575
4818,0.06512043951705417
4819,0.6039467559926631
4820,0.7626786503896493
4821,0.8455781025017197
4822,0.8049251755760137
4823,0.8265102507591005
4824,0.7059268280313419
4825,0.1663707037822789
4826,0.19517676539633833
4827,0.8724663798762872
4828,0.2499918479109889
4829,0.8825993540577866
4830,0.4901924303591228
4831,0.40828396002169465
4832,0.47236143032824485
4833,0.07100200805056633
4834,0.9211715187724135
4835,0.906473756104194
4836,0.35378135957209916
4837,0.8734821631144161
4838,0.7896330695107725
4839,0.24426060617665205
4840,0.918279807509598
4841,0.8407920175386893
4842,0.9036722498481908
4843,0.2364826086124644
4844,0.16716887964374647
4845,0.34833626170634857
4846,0.32458017301330544
4847,0.4528329914284529
4848,0.037932969688451314
4849,0.7758590550562754
4850,0.3888265484697253
4851,0.8153913553028074
4852,0.18028565274906896
4853,0.4165484747598943
4854,0.6544195040581325
4855,0.4232365590950037
4856,0.7832092019710427
4857,0.32975541014002446
4858,0.8554362796567901
4859,0.7096033331481896
4860,0.5973491413692075
4861,0.07402023221214839
4862,0.7571131867093016
4863,0.21109474708427572
4864,0.152130407927143
4865,0.9203995249348652
4866,0.4366385216005726
4867,0.23549267609605318
4868,0.1503283755059852
4869,0.4716044161997368
4870,0.10948174101178457
4871,0.6634574351284614
4872,0.9370838409940647
4873,0.10913242906917285
4874,0.26810452929668577
4875,0.7902291028591586
4876,0.09763473142984758
4877,0.17007546090121525
4878,0.69186210774789
4879,0.6003412156428275
4880,0.1674043993124398
4881,0.8145062768320417
4882,0.43687070271152467
4883,0.3902320704884984
4884,0.11839827888933256
4885,0.8949532970046773
4886,0.18748977859621832
4887,0.7099395115410825
4888,0.7601991100577352
4889,0.2243499026646567
4890,0.04448122542066987
4891,0.30662277102692487
4892,0.14061500769067908
4893,0.4240333538383203
4894,0.9314432107898418
4895,0.20215083859962596
4896,0.668709798664177
4897,0.9411986297515568
4898,0.6002555515065158
4899,0.5647143105569904
4900,0.10921077642184655
4901,0.4310695744314916
4902,0.5393631209920021
4903,0.16664407315149235
4904,0.9687111782252595
4905,0.08588512999553748
4906,0.3835823749213569
4907,0.9038016459264077
4908,0.5559245412598824
4909,0.3207891115744511
4910,0.1999795140045572
4911,0.9686819148256648
4912,0.0781884642984887
4913,0.9445003073723435
4914,0.12234115039036292
4915,0.9026317222795119
4916,0.2979323269272342
4917,0.09581094027403815
4918,0.6023232720489736
4919,0.08054729209685293
4920,0.4839001738942812
4921,0.5915116882459107
4922,0.12080881750154832
4923,0.24132511133886309
4924,0.26724340815046116
4925,0.8906455940979643
4926,0.13370990786418144
4927,0.5285993228394663
4928,0.6026512502154395
4929,0.5810581498167692
4930,0.49466687201541637
4931,0.6751840626619507
4932,0.1915344520424059
4933,0.9376235089320961
4934,0.24404273082034136
4935,0.6160883821347507
4936,0.9149107445080896
4937,0.22562963458392782
4938,0.9507676233809361
4939,0.10887738053208346
4940,0.5733304175665391
4941,0.752253892998739
4942,0.803146652005397
4943,0.7305373792035882
4944,0.20134391532328866
4945,0.8826147609741946
4946,0.8153046168011209
4947,0.8443490275917014
4948,0.10507209129545542
4949,0.9169578407539197
4950,0.7482906178963338
4951,0.11871137715837528
4952,0.4254532149804443
4953,0.5197550138211025
4954,0.38765479431861827
4955,0.1766632167768473
4956,0.2169214191179777
4957,0.9106059925559992
4958,0.957778728928064
4959,0.3226794221006935
4960,0.6511215742556313
4961,0.7707724293241632
4962,0.8082346732282413
4963,0.9338948999200761
4964,0.8519003345355407
4965,0.767820993387557
4966,0.05868421492074953
4967,0.08054929721044847
4968,0.8996422858872538
4969,0.45462625068744195
4970,0.5779992769155456
4971,0.9555301277572744
4972,0.7470281331427691
4973,0.897281582511372
4974,0.5827702012232119
4975,0.16222685125206296
4976,0.5447875133076322
4977,0.01559086245219795
4978,0.9706425139573779
4979,0.8580890007340362
4980,0.08795178898910698
4981,0.24922265437837954
4982,0.8480434153972377
4983,0.2468498124130373
4984,0.7877125537827206
4985,0.9738413268748723
4986,0.9277313600453552
4987,0.6118214227292116
4988,0.9807448135014766
4989,0.28270026421179506
4990,0.09755751843648917
4991,0.5394782680855448
4992,0.1684510977842982
4993,0.5900873149040534
4994,0.8771489991873854
4995,0.38728995461677973
4996,0.5468345627643201
4997,0.8244890509771806
4998,0.913365112943395
4999,0.6480073054718476
5000,0.2856586072609841
5001,0.9183426878592463
5002,0.4309719267402239
5003,0.6136521059664907
5004,0.9449693787671308
5005,0.37586340689132514
5006,0.14407369407128232
5007,0.8885751864051352
5008,0.11951572470989041
5009,0.36936355294017553
5010,0.10390984852765044
5011,0.9390083176843868
5012,0.2818697721940343
5013,0.48270813903190213
5014,0.11776258596658432
5015,0.08770885823826287
5016,0.4333744361054754
5017,0.8306218256118959
5018,0.9723949468630855
5019,0.08304934229442655
5020,0.6516760447522282
5021,0.6728909026690305
5022,0.9403651300698646
5023,0.8572442796664913
5024,0.16592545654696136
5025,0.4309239460148702
5026,0.3574678825278841
5027,0.804783041577276
5028,0.10000308949183967
5029,0.02567479864574203
5030,0.8464946890112106
5031,0.31095180061166433
5032,0.7805718296601697
5033,0.30915152419137826
5034,0.9049706743328372
5035,0.07088165280257772
5036,0.9263112789987058
5037,0.8552880942892643
5038,0.32939789573645795
5039,0.2805590007278907
5040,0.8053920267801694
5041,0.34872322295762687
5042,0.9331128487143779
5043,0.984286956424398
5044,0.9364094328824499
5045,0.5981765000037655
5046,0.9528270359982984
5047,0.40582142870982874
5048,0.188888555965577
5049,0.9432055076158683
5050,0.6437799309772348
5051,0.853587261564602
5052,0.9405433796437036
5053,0.14568689581131894
5054,0.4608512601743028
5055,0.803606782512497
5056,0.42475817128293664
5057,0.2958446796719224
5058,0.7068778848097826
5059,0.8544382774473808
5060,0.3255188111793208
5061,0.11673028377040036
5062,0.3780374571971738
5063,0.3479352180061557
5064,0.7619586931819771
5065,0.0172836552151245
5066,0.8432076339378851
5067,0.9250776545534155
5068,0.24312082862863152
5069,0.8552586653697098
5070,0.871204088175854
5071,0.6918652336342361
5072,0.809904358873507
5073,0.2815895369856664
5074,0.8758401618757163
5075,0.9702404629772298
5076,0.5943794988846601
5077,0.35310446202664286
5078,0.13559486658775338
5079,0.932801308090835
5080,0.4309588107784188
5081,0.7417956278778154
5082,0.11224008324065075
5083,0.8468628218712736
5084,0.6169062324540804
5085,0.5259377280165771
5086,0.6211888764210253
5087,0.035492284607423846
5088,0.5250466288866351
5089,0.8849878765011716
5090,0.41341595034958567
5091,0.33181946974337273
5092,0.5156032490156981
5093,0.3912938943983181
5094,0.46653267285304695
5095,0.4859763998715348
5096,0.11495763977730039
5097,0.22739635287801982
5098,0.6277909527274032
5099,0.18498897707113854
5100,0.7060174490259922
5101,0.5483421920145615
5102,0.8138134043178888
5103,0.05513920792837881
5104,0.1937128382714806
5105,0.6702027402253405
5106,0.7420500873934284
5107,0.9083316489473803
5108,0.8351126717585886
5109,0.7804004700424112
5110,0.914392700452022
5111,0.8275047556924369
5112,0.29179877830562445
5113,0.8927906581611306
5114,0.04961807854052966
5115,0.5981287393554582
5116,0.3213596287616575
5117,0.24454688074555145
5118,0.5187402489205475
5119,0.6550498630133683
5120,0.9251046771029942
5121,0.8225475424759484
5122,0.5389908888273489
5123,0.8381463197221896
5124,0.39053004886430276
5125,0.4250431004356845
5126,0.23531912369222263
5127,0.5237968144218549
5128,0.27050219233760636
5129,0.23530902505270498
5130,0.8904455325398205
5131,0.8347451148568713
5132,0.050831248075721515
5133,0.7446187720277079
5134,0.17939998840174706
5135,0.48557815167216684
5136,0.8710417749041771
5137,0.9399871829629904
5138,0.7714303452829585
5139,0.9746685921600815
5140,0.8789821623819724
5141,0.9576317559235381
5142,0.47995815636397643
5143,0.021035175868774538
5144,0.6429786039476053
5145,0.8167675371538974
5146,0.16308190142067022
5147,0.5464541770929701
5148,0.6296154936285946
5149,0.9115287044132989
5150,0.09375825377505001
5151,0.6839470607756402
5152,0.9679997535919249
5153,0.593598874710689
5154,0.7605132352165221
5155,0.6268259002683806
5156,0.9788730765771574
5157,0.002111885944363728
5158,0.901464231039643
5159,0.8404449432965057
5160,0.9612625373855465
5161,0.11200285139686672
5162,0.8752359317904301
5163,0.9454029381946191
5164,0.5326351337976051
5165,0.9579718597447086
5166,0.13007653731872698
5167,0.02145294374852247
5168,0.6148240516470057
5169,0.32595253995691753
5170,0.5450903040337969
5171,0.39138645474142003
5172,0.7464045554375119
5173,0.5615982299164362
5174,0.5601492534471131
5175,0.6776722642817989
5176,0.8336770767975249
5177,0.9382489786590666
5178,0.7478194142841076
5179,0.8016207087547219
5180,0.38757529743277686
5181,0.20584424588063946
5182,0.7521875454506854
5183,0.17305077199796423
5184,0.1317809416492738
5185,0.08269078507849008
5186,0.9722188409088492
5187,0.4380644118828147
5188,0.3922869502470147
5189,0.16274836981224433
5190,0.6478074214677053
5191,0.42251556201311424
5192,0.6513658977621474
5193,0.9385666513322536
5194,0.5810633161462252
5195,0.6136864660990613
5196,0.13218737340279516
5197,0.18113183789391116
5198,0.7321581103216168
5199,0.015798440743926317
5200,0.7435376250906481
5201,0.20207967665318613
5202,0.9659102987938717
5203,0.5367969229263991
5204,0.6440830536358476
5205,0.10435254018834733
5206,0.14011428735247722
5207,0.22549893453802716
5208,0.35308903160291466
5209,0.3790601037844752
5210,0.9627716268882378
5211,0.0875427615710539
5212,0.10232483570076754
5213,0.9390637410162392
5214,0.4454535316890185
5215,0.892203295359115
5216,0.24578080868999386
5217,0.30317622006311085
5218,0.7672513789737595
5219,0.16967853639070818
5220,0.8371779837276848
5221,0.25633556243673067
5222,0.8818060502746088
5223,0.09520217237635639
5224,0.3208977420552203
5225,0.4401459939243488
5226,0.980392323595687
5227,0.4849874091802135
5228,0.4401473823637078
5229,0.6032164961907309
5230,0.9003777404470605
5231,0.5376226982613468
5232,0.8325017033827745
5233,0.2638755615257354
5234,0.9569774600442151
5235,0.1104382077411553
5236,0.5496386658623335
5237,0.2834399779262925
5238,0.8803491000670628
5239,0.3163558058181994
5240,0.9811696455797705
5241,0.07484283329475484
5242,0.9559578314739412
5243,0.7676721383438476
5244,0.7311456069763506
5245,0.30099889799133955
5246,0.9163769119809612
5247,0.3405275686175747
5248,0.48416591939091425
5249,0.08413408532523976
5250,0.7007190377141013
5251,0.9245176182113494
5252,0.9606919879635406
5253,0.33742664235485637
5254,0.6264007097173284
5255,0.697840509508221
5256,0.5463825524064451
5257,0.4017777835038694
5258,0.9641144515471345
5259,0.7148001113793693
5260,0.9774962380361758
5261,0.46569626153209975
5262,0.4020808791890663
5263,0.7706037257290982
5264,0.5169514157556744
5265,0.9674000028572829
5266,0.22068252608769034
5267,0.4607996231063769
5268,0.8956442422064607
5269,0.1573356464325194
5270,0.7262550931433358
5271,0.5081409294197834
5272,0.05380011622148413
5273,0.23630614851233112
5274,0.17517249372843208
5275,0.39720183107346113
5276,0.7597415366882643
5277,0.5060572375878376
5278,0.6761943775164351
5279,0.20169868776262936
5280,0.984899805358774
5281,0.9128051180690455
5282,0.015130113390088393
5283,0.3373152204057908
5284,0.13802018684487816
5285,0.5213483821562865
5286,0.34606032431595896
5287,0.8304558606648789
5288,0.043511082005997535
5289,0.6216499839841758
5290,0.04768424525897494
5291,0.7983937958280689
5292,0.6951016909593993
5293,0.6936975397214873
5294,0.1463376064585928
5295,0.8786082685375055
5296,0.9199786421332846
5297,0.5526321237194387
5298,0.933227004116976
5299,0.3287534137497781
5300,0.7213490127650996
5301,0.13515175471129703
5302,0.4125837328925729
5303,0.5696868349673503
5304,0.8800002914813884
5305,0.18163929772651885
5306,0.9167714802715199
5307,0.8650238739826053
5308,0.564657268063186
5309,0.8520781682421441
5310,0.16072183863081443
5311,0.1634151567662621
5312,0.7566809055287709
5313,0.16226347253285509
5314,0.9676407266670758
5315,0.33832404634058694
5316,0.9825117052778668
5317,0.03590384336293473
5318,0.23534253806276462
5319,0.8795249491513722
5320,0.8834527796344475
5321,0.29955959246644026
5322,0.1274027901023961
5323,0.22959227286547934
5324,0.05291646928980983
5325,0.9138745209183962
5326,0.7199716143850843
5327,0.09930301669270986
5328,0.9827867621811572
5329,0.9553888045957583
5330,0.4300709112173548
5331,0.8311447547198505
5332,0.9141755632399381
5333,0.4935871288124003
5334,0.964087121340723
5335,0.17695304842628173
5336,0.3169356249716032
5337,0.9567368980911851
5338,0.7166653357657391
5339,0.8066096681346678
5340,0.4781342679978548
5341,0.09675971629527866
5342,0.25360496841621116
5343,0.3444265752642024
5344,0.9476520616020674
5345,0.9103234501249364
5346,0.9481033746963599
5347,0.2722226927548288
5348,0.05569202248649949
5349,0.2693853150083004
5350,0.6754347945847468
5351,0.8054621341409296
5352,0.5032740989018973
5353,0.7107985797607524
5354,0.4479614191105012
5355,0.8799248829578588
5356,0.5564190146807362
5357,0.05144989588785223
5358,0.10361547543833893
5359,0.7584051735619909
5360,0.11501153714427391
5361,0.8107838957833512
5362,0.2423965099500795
5363,0.6192991791424506
5364,0.37719730964239456
5365,0.9435918203286725
5366,0.49005489128654595
5367,0.18271882609593948
5368,0.71088993244415
5369,0.12240711440271568
5370,0.8596139096809102
5371,0.009156411300157189
5372,0.539735703949451
5373,0.4980570703410434
5374,0.1855833359168987
5375,0.5107830011368756
5376,0.8378357547727457
5377,0.8695421594920698
5378,0.9581081529269447
5379,0.967265155660561
5380,0.24918091962856345
5381,0.9028128464995853
5382,0.39681767000919627
5383,0.9289513412369869
5384,0.17541268863268486
5385,0.6137112475239336
5386,0.3403582245611071
5387,0.9573194529097971
5388,0.9336401640982532
5389,0.6350974799509085
5390,0.19924361616605427
5391,0.2661887559029099
5392,0.11498996711359546
5393,0.582568896733826
5394,0.19792887938225814
5395,0.5925841854850107
5396,0.7834893603074681
5397,0.9205063369596195
5398,0.5899897815585455
5399,0.9293861892397254
5400,0.938389333996104
5401,0.5007567001306268
5402,0.5313214712230925
5403,0.12943683785192234
5404,0.37546908488363
5405,0.909653296695904
5406,0.9593631830234055
5407,0.9389352860422435
5408,0.9574414840197861
5409,0.08412894672030961
5410,0.1320973714466812
5411,0.8677100127044612
5412,0.5730978555950429
5413,0.4253586924859493
5414,0.34619697700441315
5415,0.22547975779409943
5416,0.14048311320276288
5417,0.24383914359925632
5418,0.34668309645341466
5419,0.7828321097597062
5420,0.20305614816209233
5421,0.846704155050354
5422,0.2923522747019962
5423,0.4517600470790236
5424,0.6931811005008699
5425,0.8735849660363191
5426,0.16257381555569128
5427,0.32082693778326604
5428,0.9612375318352849
5429,0.7209557493589693
5430,0.8759373121976217
5431,0.7457177035602077
5432,0.4946825013451777
5433,0.6187115652938764
5434,0.6877276147359215
5435,0.8212520443911887
5436,0.20155164071341858
5437,0.1256505739610301
5438,0.8753799673043858
5439,0.2610967713828195
5440,0.9302325580711904
5441,0.177419756899194
5442,0.20202750773895886
5443,0.4166275184878889
5444,0.7274545107302036
5445,0.954030746707723
5446,0.93196612523958
5447,0.7149443756485243
5448,0.9310302537474996
5449,0.1304683481233154
5450,0.7455429820520942
5451,0.0923728269510497
5452,0.7791361724290702
5453,0.30038596497651204
5454,0.9455228018183189
5455,0.7121971839486086
5456,0.9715365738118956
5457,0.8059728400213035
5458,0.5583001833523401
5459,0.7862264173575737
5460,0.8233736713482561
5461,0.1445735391549618
5462,0.8968374937445236
5463,0.578213338030841
5464,0.017243918282570544
5465,0.37821563550212717
5466,0.3593858102320769
5467,0.2028919810646806
5468,0.840118075930207
5469,0.605917486223707
5470,0.5694489752821484
5471,0.7528858752782697
5472,0.5353826254527554
5473,0.9306763315470032
5474,0.2760902202974174
5475,0.9380232464077556
5476,0.07224883663977383
5477,0.9449375865230466
5478,0.36033708517539326
5479,0.23408809275473183
5480,0.3045102384875092
5481,0.94818494350546
5482,0.9272263806850836
5483,0.21247346533684827
5484,0.16723738798883073
5485,0.804934539712132
5486,0.1810832035684998
5487,0.6295881384824988
5488,0.18202018184663804
5489,0.6905110131315316
5490,0.8886141829052696
5491,0.019454790207829517
5492,0.6912588416442887
5493,0.031886724031509425
5494,0.7957443446036571
5495,0.3850832173408058
5496,0.8146156656734694
5497,0.6103541785449658
5498,0.9428546739913458
5499,0.8231490676522369
5500,0.6693245836828879
5501,0.6985550460118113
5502,0.657457092587129
5503,0.46363940921100016
5504,0.8069782420107758
5505,0.2057229604799546
5506,0.13076815247298115
5507,0.24282886020398062
5508,0.8939675916374831
5509,0.37701762532012867
5510,0.5389431860328169
5511,0.9680750925381014
5512,0.38054089760698484
5513,0.7543593768419278
5514,0.25469327813230136
5515,0.7216325046569214
5516,0.3530487190243327
5517,0.8430946842902819
5518,0.9353802436778534
5519,0.8743674527293148
5520,0.6796793766810788
5521,0.8502148259972363
5522,0.24818666344293372
5523,0.5366998034964878
5524,0.7447888104314159
5525,0.4315048360514299
5526,0.6800595062061239
5527,0.10324997213283403
5528,0.5465458847264181
5529,0.8238155816728325
5530,0.2471217642116012
5531,0.27855255883674207
5532,0.21305551860540572
5533,0.8413582430150458
5534,0.03389499425473988
5535,0.551707398928832
5536,0.7795289723639715
5537,0.33757679470975654
5538,0.3909852995264115
5539,0.33392284260380684
5540,0.47265680520130754
5541,0.036034629903314776
5542,0.2879066770799139
5543,0.9431297581643676
5544,0.8929485306048732
5545,0.9706975059161679
5546,0.9242165537500834
5547,0.2758474179680253
5548,0.5793319335831848
5549,0.8739716479576531
5550,0.6307297046644393
5551,0.43014198184538505
5552,0.30453822571883704
5553,0.6857732475033863
5554,0.02205145381528804
5555,0.7745735018191535
5556,0.7419089177005843
5557,0.860113503824651
5558,0.9136294845811292
5559,0.5802247203789959
5560,0.6618971794630817
5561,0.9129304166811159
5562,0.8731699433628617
5563,0.5273358267894924
5564,0.9477360720041824
5565,0.5222877484105981
5566,0.4464346298468877
5567,0.7696336177313177
5568,0.8190980841903039
5569,0.9373823589151398
5570,0.8149430826161211
5571,0.23695672407665966
5572,0.5588731138335075
5573,0.6340840902008975
5574,0.6236411431915666
5575,0.5349516507154873
5576,0.3900873187432066
5577,0.5705934144967105
5578,0.3040548051343989
5579,0.05676072027812245
5580,0.937501591365137
5581,0.8460237171134092
5582,0.7251021707495301
5583,0.48785707013427415
5584,0.41615002127087186
5585,0.8315487546981213
5586,0.9657561224052814
5587,0.4962063513003376
5588,0.5216905814128995
5589,0.14294756506262257
5590,0.7641672853970104
5591,0.07806685312871174
5592,0.4083486756133873
5593,0.5198486255213011
5594,0.4628448619786547
5595,0.9550313170888391
5596,0.8738221246876606
5597,0.4807128017408626
5598,0.5967740321851085
5599,0.718817474740988
5600,0.957915806438743
5601,0.29325540110559045
5602,0.5920744337221673
5603,0.21628181942650765
5604,0.4117750539698972
5605,0.8977533908090454
5606,0.1286650306291589
5607,0.9564885988644729
5608,0.17889520789932536
5609,0.9165293062105765
5610,0.03034688947278525
5611,0.1227669732875695
5612,0.7783161189472718
5613,0.6711812256435612
5614,0.35829022460558674
5615,0.8823027830497233
5616,0.7642831789818231
5617,0.9316726970621598
5618,0.24034155838796575
5619,0.5662639871582611
5620,0.32934879875799206
5621,0.3484810318370909
5622,0.949912566335352
5623,0.8898709971283449
5624,0.38122626556146655
5625,0.662190650176587
5626,0.7871370259068523
5627,0.7964761125692458
5628,0.06297221069434336
5629,0.36150336824726736
5630,0.5081032689307351
5631,0.11235606707348497
5632,0.9542227326377453
5633,0.7666133157930984
5634,0.8020530678819645
5635,0.9082714915763319
5636,0.5816657392831223
5637,0.7323628629203884
5638,0.33011354801911985
5639,0.8014981471105569
5640,0.45890807704276776
5641,0.1149404169158384
5642,0.6038725760560921
5643,0.28282900267439753
5644,0.7379246886084143
5645,0.3992867294198401
5646,0.4653155653285559
5647,0.5555425027464516
5648,0.9265090514337879
5649,0.03666832327841437
5650,0.19198846048322865
5651,0.9187698685059977
5652,0.26495542509140757
5653,0.6833051214890078
5654,0.6822643488996287
5655,0.09192169166608062
5656,0.3555640923433517
5657,0.20769265225516434
5658,0.37458243992364326
5659,0.546559165604268
5660,0.9365366469172706
5661,0.5794179915179885
5662,0.3224770401817672
5663,0.12150610840045645
5664,0.7432005437091697
5665,0.8469559998131662
5666,0.9458116799901484
5667,0.32888639138017767
5668,0.8149887330166622
5669,0.5225900547992856
5670,0.6381621500557134
5671,0.7070802790275547
5672,0.9323618554258137
5673,0.9516609103895104
5674,0.09101252040686048
5675,0.39987867671002364
5676,0.7700201330148304
5677,0.0698255579233614
5678,0.9717878097835388
5679,0.9301620494210587
5680,0.3390712498094912
5681,0.9176090326271608
5682,0.24820263009588042
5683,0.7238852234641681
5684,0.9105988651426862
5685,0.6066417681011618
5686,0.8459973026221758
5687,0.37134037002682363
5688,0.13158725577904312
5689,0.9230258553950293
5690,0.3174165470427012
5691,0.02880506181818453
5692,0.6562185001179898
5693,0.3383994711796111
5694,0.8583968201915358
5695,0.165589918830145
5696,0.4301044108065079
5697,0.05858255217349715
5698,0.7835352241109651
5699,0.389231743718788
5700,0.7661603923935082
5701,0.22252826823505217
5702,0.339399676820051
5703,0.07455249902231914
5704,0.7555177319914339
5705,0.4489124145088068
5706,0.9388165454385194
5707,0.040159305555729795
5708,0.13516504417900574
5709,0.3362274751778025
5710,0.6424734534169796
5711,0.37697659454715005
5712,0.7655497538031233
5713,0.727575639681651
5714,0.7857599037217312
5715,0.8080303142386834
5716,0.3678004957489104
5717,0.8592100468671489
5718,0.4762226242726953
5719,0.24585164812257682
5720,0.8557140141359495
5721,0.6859488184377949
5722,0.388802313362156
5723,0.11522624251895656
5724,0.8663978083492359
5725,0.12084857729074401
5726,0.1297513710515208
5727,0.7508111768276363
5728,0.4571208768050415
5729,0.8961232875334318
5730,0.7378615984332597
5731,0.30037851872495597
5732,0.8364028293393945
5733,0.13413588568258508
5734,0.6072240766927
5735,0.936454404725146
5736,0.6720304460370703
5737,0.9644961762610937
5738,0.7573400974279693
5739,0.3006635880346558
5740,0.45585335328619625
5741,0.2881819021443365
5742,0.153223107127483
5743,0.8947341273111923
5744,0.8472457325609841
5745,0.5771212639683373
5746,0.4229656474804787
5747,0.7605077191324263
5748,0.07550160964830172
5749,0.9132530278601295
5750,0.7206389245345127
5751,0.14275815346636975
5752,0.6106083683285018
5753,0.2316825503866479
5754,0.9183124443281229
5755,0.39161474741621916
5756,0.5534881199696969
5757,0.3610711837476213
5758,0.9471925387606204
5759,0.08995268689931814
5760,0.10656754589012124
5761,0.8949242804845233
5762,0.6431587391282532
5763,0.6183926729786094
5764,0.8311152075139704
5765,0.36763030029921473
5766,0.8345839848636871
5767,0.2817520598498093
5768,0.9286127422368432
5769,0.5870877454660779
5770,0.45922698922424743
5771,0.8279275993573949
5772,0.8147893802402858
5773,0.4948624431743088
5774,0.2302287066267636
5775,0.056273054328940614
5776,0.5882703510559851
5777,0.5245255305312814
5778,0.39164710076732456
5779,0.6279771698731865
5780,0.20332392444794395
5781,0.78334710774623
5782,0.4839090923434822
5783,0.046806653623731806
5784,0.14889537984658383
5785,0.9436185286514372
5786,0.9278863136749758
5787,0.805152640488164
5788,0.7561622696648839
5789,0.8560628952468036
5790,0.13620799098899994
5791,0.9207092924455574
5792,0.5528766126422315
5793,0.7438381104538477
5794,0.9485046213966936
5795,0.188647287611944
5796,0.7988379591775873
5797,0.8752876996818652
5798,0.3281270223566799
5799,0.9315486297280021
5800,0.6288671251060826
5801,0.32270380844307234
5802,0.06872378981374416
5803,0.9626516094524978
5804,0.7913871364450605
5805,0.9597028838535778
5806,0.18647652681015292
5807,0.9188291765094432
5808,0.9634739332503437
5809,0.4887003469481416
5810,0.8464403880586642
5811,0.2309935920082855
5812,0.7045557966350607
5813,0.620646631551541
5814,0.3890349795468312
5815,0.44582269256648227
5816,0.848528072860541
5817,0.4873386612354673
5818,0.05114319210978682
5819,0.18370015061952225
5820,0.9294199541523677
5821,0.9611032526837789
5822,0.6299256917824237
5823,0.8544581665397947
5824,0.6886476975371084
5825,0.9229464762180473
5826,0.8972231282830354
5827,0.5414892025612035
5828,0.4780380100746718
5829,0.457156296449803
5830,0.24006920826191183
5831,0.3882646284664992
5832,0.9165888623162979
5833,0.36595562974123735
5834,0.2900564173200515
5835,0.9314300561951209
5836,0.6587969862922314
5837,0.35799872038417335
5838,0.20726620827388503
5839,0.7928827605920855
5840,0.6450041698140051
5841,0.2302163848716615
5842,0.9186021178547548
5843,0.3363400637188236
5844,0.29367806088313736
5845,0.8865147205120231
5846,0.9681704728417105
5847,0.43810556483080015
5848,0.4189517167055418
5849,0.09950877199765883
5850,0.9782823442057157
5851,0.3063056484878919
5852,0.5226563902244049
5853,0.8044382178263751
5854,0.6820811434949084
5855,0.9109248020956229
5856,0.5538874751047181
5857,0.8429479910116484
5858,0.6503540806837806
5859,0.9043481855821774
5860,0.759242535686722
5861,0.17265340199562168
5862,0.9375224700213008
5863,0.5798809414973495
5864,0.7277920423540354
5865,0.521648914031961
5866,0.09312609431697773
5867,0.9145033997259943
5868,0.06628902106822832
5869,0.07244050851909176
5870,0.40905701928184446
5871,0.010271176714661476
5872,0.36261960303382273
5873,0.21954578571862268
5874,0.564067522895598
5875,0.9245721797325391
5876,0.524226020521026
5877,0.8982207543079348
5878,0.9069223622760979
5879,0.9725456227517262
5880,0.3401599405448157
5881,0.6187017419616707
5882,0.8101215409786279
5883,0.25262899974806374
5884,0.5303398407613379
5885,0.2393630452297154
5886,0.8065989856945686
5887,0.6452963117023811
5888,0.13904196408811395
5889,0.9263180894193724
5890,0.4906970407014477
5891,0.9768372344836912
5892,0.8450782247245764
5893,0.2900015544483771
5894,0.4670011663699805
5895,0.11580922561569253
5896,0.17112838040616365
5897,0.04501085731042876
5898,0.9591936186302255
5899,0.8838825841889858
5900,0.5873663183470867
5901,0.16322499137606084
5902,0.8837015044702178
5903,0.09088755392119861
5904,0.9073014264980414
5905,0.7484075144072153
5906,0.32131604815744325
5907,0.6183851274406775
5908,0.8155591646958877
5909,0.5693049542418868
5910,0.11806284186107865
5911,0.912986709203996
5912,0.5496590229889755
5913,0.8239430435335255
5914,0.6847854092475111
5915,0.3543386759623523
5916,0.06398465056746272
5917,0.8226574345406383
5918,0.6401143954862984
5919,0.2636471835739192
5920,0.14386163420218565
5921,0.802945197450295
5922,0.15754690890127182
5923,0.32904477921986686
5924,0.7907915680995898
5925,0.2962716361972231
5926,0.43106136252386096
5927,0.8776281657189431
5928,0.33379725084147593
5929,0.801648162569079
5930,0.4260643708167579
5931,0.525276333926502
5932,0.8931797492816557
5933,0.6752397153339263
5934,0.19474660060346985
5935,0.7368412259769731
5936,0.95297790805328
5937,0.8554148446059793
5938,0.8829446743854217
5939,0.8849550464615744
5940,0.8315606006549471
5941,0.46926019428761884
5942,0.7581413409666674
5943,0.8969424898198722
5944,0.5187961242693386
5945,0.683185330060992
5946,0.5760566090191785
5947,0.8783364492432943
5948,0.6347524974017094
5949,0.5778056891424805
5950,0.6921798770915535
5951,0.45720586588897916
5952,0.6419163408053646
5953,0.9178835632401393
5954,0.6998239930782412
5955,0.19437130795354984
5956,0.8573741493661031
5957,0.9448748096893358
5958,0.24388046041452613
5959,0.219427815804409
5960,0.9381755280967792
5961,0.8010531774243271
5962,0.7635957357487813
5963,0.8159573577279832
5964,0.47587869018203577
5965,0.7374078665272717
5966,0.32721977521131324
5967,0.6879918493016525
5968,0.836878811162449
5969,0.675009956973083
5970,0.2553474885130283
5971,0.9628833992723661
5972,0.932195683315583
5973,0.25567229000236835
5974,0.9637789900615118
5975,0.7588109370077544
5976,0.134240170545048
5977,0.7496813199734113
5978,0.19973698965298375
5979,0.9220817071700145
5980,0.3397002367532572
5981,0.955247756897828
5982,0.7160674906442139
5983,0.9250786656370883
5984,0.07396732059487632
5985,0.5519197915738348
5986,0.3429620760928361
5987,0.3598825794898252
5988,0.9082412055391721
5989,0.4078132407267492
5990,0.8214561906445875
5991,0.3549158891954833
5992,0.9282716115896211
5993,0.9526439194888265
5994,0.9729923280829615
5995,0.4647958853571043
5996,0.3174952488022056
5997,0.6475546895473135
5998,0.03943792027540372
5999,0.47686299817980604
6000,0.1805649357149698
6001,0.9516335657441032
6002,0.06867527009971969
6003,0.1106985297136515
6004,0.6651490593087165
6005,0.16771083647883928
6006,0.8175110147961792
6007,0.3869371079759972
6008,0.5928932071034779
6009,0.7962648553741495
6010,0.8138209204906957
6011,0.8429998378352435
6012,0.07837708802630092
6013,0.4086825091469598
6014,0.018584033958746006
6015,0.8569956727582372
6016,0.37559537077542227
6017,0.06606988177951366
6018,0.7883177646829007
6019,0.5481307116745789
6020,0.032874898202501196
6021,0.9222637904636648
6022,0.9197078304669951
6023,0.9157201010612113
6024,0.5437246537845212
6025,0.7402764494286098
6026,0.7220052273509961
6027,0.2432739007625184
6028,0.4853367047911703
6029,0.892721275635989
6030,0.33526062912487664
6031,0.019108472362658734
6032,0.41697458689197725
6033,0.5905403063783229
6034,0.791501995742413
6035,0.15699425788272584
6036,0.7812108576525474
6037,0.5839246415938179
6038,0.7863283991862666
6039,0.43867229579017103
6040,0.6497962104502688
6041,0.7745407939623977
6042,0.7110058497769004
6043,0.16980752970575674
6044,0.6518184314116615
6045,0.40700279462967426
6046,0.1186857303654192
6047,0.8936812020340263
6048,0.819654566668132
6049,0.7847160479235047
6050,0.6955430487282389
6051,0.8170641018524747
6052,0.6798847948517699
6053,0.684557721113437
6054,0.9651362100716528
6055,0.20386905310531156
6056,0.05859979611672339
6057,0.43791013596245887
6058,0.13918682686561412
6059,0.8003040431866489
6060,0.8780648420894944
6061,0.3511232183258446
6062,0.7939269161991251
6063,0.5713387027353141
6064,0.914790083035922
6065,0.9134888494239388
6066,0.7353306882374695
6067,0.04839428520523636
6068,0.7756505074834097
6069,0.9902026404486756
6070,0.23984753276946016
6071,0.17992133191725798
6072,0.6658019349839044
6073,0.2974540986791074
6074,0.7057014721287339
6075,0.862724237744691
6076,0.010471435948765682
6077,0.9656878210514465
6078,0.3195735591450286
6079,0.6524435596117634
6080,0.4034016009554507
6081,0.06172304952600561
6082,0.2013880505051897
6083,0.9622196420048531
6084,0.013452360579711999
6085,0.33748548535459755
6086,0.9742275745335784
6087,0.30881293949556515
6088,0.5323888070792716
6089,0.9003644687292314
6090,0.37261014568857875
6091,0.5197026226495822
6092,0.17343701434899061
6093,0.07581172440724693
6094,0.15047569426702834
6095,0.14171831636706098
6096,0.28205674740850895
6097,0.614399079512471
6098,0.9277965644145417
6099,0.7451955953468841
6100,0.6079737968875687
6101,0.8679648270795518
6102,0.9463135300481008
6103,0.0924688383198386
6104,0.8480965272505108
6105,0.8946973830150938
6106,0.8475722838130401
6107,0.09277904249250127
6108,0.9360846308032534
6109,0.9379454086491488
6110,0.6203564736489867
6111,0.7877410815519432
6112,0.20666426076029823
6113,0.05826206271376274
6114,0.8876800148725834
6115,0.3149442371717454
6116,0.750121629449505
6117,0.0839405346421797
6118,0.015661943546752728
6119,0.9112631604175395
6120,0.12701433242549473
6121,0.1268921532916044
6122,0.9053756987621325
6123,0.3593723863638779
6124,0.4447995970110438
6125,0.7600871287937246
6126,0.6580358869845231
6127,0.8920816887497167
6128,0.13623037257329954
6129,0.9744563729077784
6130,0.03748073822124244
6131,0.30426274673032766
6132,0.15981019007272046
6133,0.7480212260070771
6134,0.38266272069529467
6135,0.788374915071669
6136,0.5957610230331837
6137,0.5951944929704088
6138,0.13746802361320423
6139,0.8195552569381689
6140,0.33739159306421984
6141,0.02566463549629242
6142,0.6587965209872326
6143,0.03279124754465792
6144,0.6997463878466501
6145,0.17491014836279797
6146,0.025756075507454932
6147,0.8351141348534481
6148,0.9463452783010273
6149,0.11934192890116915
6150,0.9072715419799918
6151,0.04749836781494631
6152,0.5252064839322236
6153,0.9748868377245097
6154,0.7432836193339859
6155,0.07438109172157135
6156,0.7889608920657183
6157,0.42942872734052706
6158,0.4632758602810242
6159,0.9470671262173815
6160,0.8239432599129155
6161,0.5429359914722753
6162,0.2625153140912586
6163,0.19930895002879354
6164,0.8825879234202398
6165,0.4525691481228148
6166,0.21675137197731975
6167,0.5351325325255601
6168,0.10325001001739911
6169,0.9379056899253148
6170,0.28056184035132414
6171,0.6716614273375215
6172,0.3346629332724004
6173,0.35481473228772287
6174,0.8713307013820438
6175,0.7451477547374225
6176,0.9516845194502209
6177,0.5491096716458904
6178,0.5487982848664731
6179,0.22474632715814918
6180,0.8972354102697621
6181,0.6220874042621417
6182,0.04526664859085788
6183,0.6415378410916587
6184,0.6314001484133782
6185,0.12837305111788438
6186,0.9298105827794959
6187,0.6047082842970751
6188,0.09640904000363898
6189,0.3986310237826031
6190,0.9700507520485726
6191,0.8891863435006478
6192,0.15401298075112438
6193,0.28934421029363366
6194,0.1280590862920178
6195,0.9082538328615939
6196,0.0608345632821088
6197,0.1462120393212816
6198,0.8911142038934526
6199,0.2858728026250204
6200,0.9151366671423086
6201,0.8273252757353365
6202,0.616582160040203
6203,0.4933821969589498
6204,0.4382687395771957
6205,0.7669207469015574
6206,0.5992476299143784
6207,0.2668504438261323
6208,0.8669500753544481
6209,0.855480775074585
6210,0.9300692990776089
6211,0.8843691812553073
6212,0.2138800625451306
6213,0.19033341261473108
6214,0.309850264568276
6215,0.9387794428078389
6216,0.8458313104656918
6217,0.7641425646496384
6218,0.9105314540301765
6219,0.8991101399638619
6220,0.3201207307688183
6221,0.6024216762482821
6222,0.488927934311159
6223,0.6575684343206923
6224,0.3367189693075222
6225,0.553949134422251
6226,0.40349054408404006
6227,0.5461335340107581
6228,0.967210984115307
6229,0.6353923173522186
6230,0.4336016896347925
6231,0.49102256332450656
6232,0.758980083390331
6233,0.6347205992778999
6234,0.25391687109201844
6235,0.4636563476265436
6236,0.43148128827773474
6237,0.4462246606362468
6238,0.12122665561777692
6239,0.32717454375476224
6240,0.0964806733228474
6241,0.8933690573038946
6242,0.782284783362045
6243,0.8226722155370538
6244,0.8618088647583513
6245,0.7647524334787531
6246,0.1245717739881067
6247,0.9283167819249823
6248,0.07787488644111902
6249,0.1764662561351993
6250,0.3686910684078276
6251,0.39183929641378373
6252,0.9029799833639179
6253,0.5981907853515963
6254,0.640441170100453
6255,0.07350453166414231
6256,0.09638299455178184
6257,0.8691218308495564
6258,0.6115018721183575
6259,0.8995830819649338
6260,0.09162788520298835
6261,0.5844670444936932
6262,0.6376897974984818
6263,0.9387117823311061
6264,0.7096913054022095
6265,0.1363635240635364
6266,0.8802952531873398
6267,0.975042637363303
6268,0.9613620812244072
6269,0.34638197699320633
6270,0.23847011522484654
6271,0.05537264407066881
6272,0.10263962256488852
6273,0.9715346958053583
6274,0.6807086018256997
6275,0.6604721668080694
6276,0.37848734421013935
6277,0.32915461193532697
6278,0.591232679752791
6279,0.3341136854173803
6280,0.379369941961572
6281,0.5818328379836242
6282,0.957319924185615
6283,0.83779221685953
6284,0.010101322626243091
6285,0.7926838422458538
6286,0.4561891912361904
6287,0.4777298801991643
6288,0.9647565284968239
6289,0.9324599700024118
6290,0.878268225742464
6291,0.9449104011175068
6292,0.4359882146063237
6293,0.09472608129774143
6294,0.5203248837779859
6295,0.040547827211228564
6296,0.055767425911119585
6297,0.07129409325566043
6298,0.8909833172502991
6299,0.8819702920482705
6300,0.5987817005174273
6301,0.8658424126414394
6302,0.22628261981896586
6303,0.564733626505963
6304,0.729414748095619
6305,0.57418124627921
6306,0.1388151215649429
6307,0.266501084279885
6308,0.7924537314745027
6309,0.42580040400135605
6310,0.3579745909093117
6311,0.11151724789047993
6312,0.9148959666270159
6313,0.10269072150460772
6314,0.37181314640643554
6315,0.024394892895638537
6316,0.12323677272203133
6317,0.41298060481479654
6318,0.8590951979009535
6319,0.683551145172528
6320,0.7292371832759276
6321,0.9113258909387278
6322,0.7978945743272864
6323,0.6724172522292045
6324,0.776327214713574
6325,0.9780003202415021
6326,0.9576646005562638
6327,0.5431371724105573
6328,0.9287793114285666
6329,0.29406252769788227
6330,0.016199868069587252
6331,0.24626136415192418
6332,0.8934094371650728
6333,0.8230981925969834
6334,0.9209940962337412
6335,0.8749851207999174
6336,0.2576007541252257
6337,0.8432121417694877
6338,0.22758243123200367
6339,0.9341660140700796
6340,0.476119192761803
6341,0.8762795410694691
6342,0.714698028583109
6343,0.37597401186752205
6344,0.2761677523233722
6345,0.5421566732174504
6346,0.478739663941155
6347,0.9825788659052507
6348,0.4202975016624337
6349,0.3452353901426072
6350,0.9543010836965236
6351,0.936242942647146
6352,0.8571659738845064
6353,0.7155688565290224
6354,0.9244358777083753
6355,0.21616207714702754
6356,0.19893048911738848
6357,0.9030575710832522
6358,0.5548874793589953
6359,0.6826931623219401
6360,0.7937281450366461
6361,0.4620227005279283
6362,0.6154538693280439
6363,0.4426807039982734
6364,0.09804752070458317
6365,0.5443727227636392
6366,0.9053627043645927
6367,0.84145833378343
6368,0.46820092345304176
6369,0.7456257025820324
6370,0.8282580240537866
6371,0.37001847391586257
6372,0.11349833780891591
6373,0.9752923355471449
6374,0.6183982203780639
6375,0.17825230719283794
6376,0.9042014821665787
6377,0.2227094625980778
6378,0.8575164591783799
6379,0.09106039304363099
6380,0.7332686106397405
6381,0.8239789882490461
6382,0.8646907317183014
6383,0.5008010010773432
6384,0.09620187302924767
6385,0.7081732778374216
6386,0.41139621292232476
6387,0.47331310779328795
6388,0.8796692405474252
6389,0.17722106276486485
6390,0.004861455001492082
6391,0.9847121063780654
6392,0.8707249775002204
6393,0.756000512950045
6394,0.5661840878253447
6395,0.9900041669526624
6396,0.5348663650872163
6397,0.9905735457711018
6398,0.10332273356504036
6399,0.6529932468769035
6400,0.6520036880594148
6401,0.26076012491495826
6402,0.9502119970357397
6403,0.8216211228855457
6404,0.19040816188940154
6405,0.6315102175334384
6406,0.3249087483125522
6407,0.04237474991242475
6408,0.11221729309551305
6409,0.503514290708384
6410,0.20993174502401388
6411,0.9195320968200722
6412,0.19262328953096508
6413,0.9755089181221397
6414,0.41334364303067256
6415,0.283570076300287
6416,0.024240206534085113
6417,0.8999226395439329
6418,0.46342929912470937
6419,0.9855021921932658
6420,0.7473997570557672
6421,0.7145108713342645
6422,0.19304163240124392
6423,0.37885744375915237
6424,0.2505314295895129
6425,0.06537872434546321
6426,0.6425863053337686
6427,0.8654204680082778
6428,0.8131545067846313
6429,0.7558489304507846
6430,0.9255256284838422
6431,0.8047619568460539
6432,0.9559198884029041
6433,0.8587118307796621
6434,0.5722155922887977
6435,0.9104187893071901
6436,0.5752256072698978
6437,0.7132485723021715
6438,0.2066461932496571
6439,0.8735187611846081
6440,0.0526470553459772
6441,0.1812984373774409
6442,0.9332571870214559
6443,0.5875201777374438
6444,0.10493449454123516
6445,0.42790278973288803
6446,0.8940639489547553
6447,0.3797600601676505
6448,0.939686392596303
6449,0.39841738324655784
6450,0.17699118449274545
6451,0.7370694907467664
6452,0.5494729327642663
6453,0.7874961401259132
6454,0.9577148883356593
6455,0.8165011076335988
6456,0.14465930415752945
6457,0.6125417251487666
6458,0.21267270206475666
6459,0.753772473893653
6460,0.6089340467522969
6461,0.43218586383176333
6462,0.890505033996115
6463,0.957038325955485
6464,0.8080999582955148
6465,0.7204659797744076
6466,0.8616959454313282
6467,0.9539367892539039
6468,0.5821371564438987
6469,0.0413867535942504
6470,0.2909758859526865
6471,0.9363176046714283
6472,0.09771118118687909
6473,0.32483991454368993
6474,0.6249203457509664
6475,0.5179541927297194
6476,0.532824275216981
6477,0.44806706643921107
6478,0.8477080536441702
6479,0.5523868760698049
6480,0.6705625160054294
6481,0.22232459608290062
6482,0.06362907794319263
6483,0.2481169742693574
6484,0.5723320694096689
6485,0.2435404085885764
6486,0.8889936010004744
6487,0.8791455113713006
6488,0.3184249732090328
6489,0.859751037630082
6490,0.9515319995565835
6491,0.9524706928426604
6492,0.29722791948166993
6493,0.4582981246921318
6494,0.9485877493349503
6495,0.5904867426455043
6496,0.6555892689065623
6497,0.25027797913096883
6498,0.5374385209437897
6499,0.5164450100563894
6500,0.9662099977464039
6501,0.8638440398067805
6502,0.7396091335047713
6503,0.635207130312872
6504,0.8346619552634427
6505,0.8438731979652407
6506,0.16424852821532393
6507,0.6093483140869551
6508,0.17065333813137906
6509,0.4112807066463336
6510,0.3360762081247164
6511,0.4745009785152794
6512,0.6406867441892751
6513,0.09500984052605563
6514,0.8226327463962643
6515,0.4068680440620257
6516,0.23601461943992047
6517,0.8931178639187124
6518,0.6577429812946017
6519,0.18680892168416288
6520,0.9569765130076795
6521,0.9241419787164308
6522,0.5429082905256559
6523,0.5374163509264613
6524,0.7347833717484582
6525,0.6016323951660654
6526,0.3194996801195041
6527,0.7472936432033772
6528,0.8249737298117963
6529,0.2921550305586035
6530,0.7027350621992356
6531,0.2451019140347289
6532,0.845335851047521
6533,0.04441225230612942
6534,0.9513477243902844
6535,0.6362998216215576
6536,0.6560123708758968
6537,0.6067158113110336
6538,0.18088374285983644
6539,0.2616022953481911
6540,0.7438879300150647
6541,0.8114500354961738
6542,0.9226381157096304
6543,0.7668790598973472
6544,0.6980335248724832
6545,0.1825632264910608
6546,0.7724700939834925
6547,0.9501631140489574
6548,0.11129408757058538
6549,0.03376488971346335
6550,0.5501139739849729
6551,0.8247366579972473
6552,0.5005668677429499
6553,0.7108916439998851
6554,0.9527999492421254
6555,0.611135113068364
6556,0.9077071467055546
6557,0.9528614659710177
6558,0.7184583074314558
6559,0.09727630344754727
6560,0.14453615379984755
6561,0.5674027071968805
6562,0.6285979716921314
6563,0.5247479695074476
6564,0.6137199971065993
6565,0.4523390191730345
6566,0.8265586552702904
6567,0.9579830010262703
6568,0.4291986146975355
6569,0.3656075936832854
6570,0.1507741517806969
6571,0.2501718967990849
6572,0.9098044719253698
6573,0.13667082988196286
6574,0.9429760334075777
6575,0.6987369182877105
6576,0.912825501347644
6577,0.9091229936308141
6578,0.9496926146863329
6579,0.46033454999723106
6580,0.887452380965799
6581,0.6494779133334633
6582,0.09236267779308929
6583,0.3410172222069446
6584,0.2584299449460773
6585,0.548990946792861
6586,0.3644213000202787
6587,0.44909205578816613
6588,0.10511588819932723
6589,0.3771914251322064
6590,0.4752723124361359
6591,0.33755356476636134
6592,0.6851558716905678
6593,0.4283154645428472
6594,0.27835176671148576
6595,0.026011467330772097
6596,0.1446418202766114
6597,0.7603433026414448
6598,0.14767753466008782
6599,0.9005211571274266
6600,0.2111851467949637
6601,0.7776074668398808
6602,0.7761388645517777
6603,0.5753166043928297
6604,0.2946367333598808
6605,0.40254771556271135
6606,0.16884534389483685
6607,0.05414242009881677
6608,0.16034098345983394
6609,0.015684803464741427
6610,0.17395500289362495
6611,0.8710170988791308
6612,0.5879400892030473
6613,0.2727899840855598
6614,0.5308218103388318
6615,0.15644870847451
6616,0.6090527636889549
6617,0.9827494480941027
6618,0.737941702939352
6619,0.6791929928144778
6620,0.173168619352977
6621,0.9370081000607164
6622,0.47132899693094826
6623,0.8066532536520384
6624,0.7196294008269066
6625,0.9810733425919815
6626,0.9764677856416571
6627,0.5872413234987447
6628,0.2567736140919652
6629,0.14612911182030713
6630,0.9675755569781022
6631,0.20900366642237236
6632,0.9370729974052711
6633,0.43155992878920446
6634,0.34247345676297314
6635,0.7850457146220456
6636,0.6921158047133016
6637,0.3945877542053152
6638,0.6614094104114061
6639,0.9356650434341042
6640,0.2211411156233526
6641,0.36900661517896804
6642,0.8522794434759119
6643,0.9095060201175853
6644,0.8317173830494817
6645,0.5140505428645668
6646,0.7150071795070212
6647,0.19220047152376335
6648,0.28824924244148814
6649,0.38263849550906587
6650,0.7164635790871068
6651,0.0831483761724316
6652,0.48817322176630157
6653,0.9517636195762529
6654,0.8050457111291942
6655,0.6376337490856023
6656,0.9235995404286734
6657,0.7429361388210387
6658,0.9417087521236782
6659,0.4250750935385136
6660,0.8132007402335987
6661,0.7521528330274494
6662,0.2885983066143157
6663,0.047590253296980356
6664,0.7715559673315165
6665,0.47817459329528783
6666,0.056610610528980136
6667,0.5240913398292294
6668,0.3527760555795619
6669,0.2908154457730954
6670,0.2091257339502073
6671,0.3327788122585961
6672,0.9363112116530187
6673,0.42932782953176674
6674,0.12875498181005016
6675,0.8746583968151638
6676,0.38626246546091997
6677,0.21524721356450405
6678,0.773256566423347
6679,0.4215389761494
6680,0.8425951408474261
6681,0.3764416470325653
6682,0.7424768983270513
6683,0.9190166121681896
6684,0.528653313730382
6685,0.6361474357310578
6686,0.16684513092545916
6687,0.1274551613269546
6688,0.24243006240790954
6689,0.0238739813571377
6690,0.004577348064046084
6691,0.4743125456767692
6692,0.22406119217627832
6693,0.5048235464977758
6694,0.9200040206271604
6695,0.9383128670492642
6696,0.27241600793813386
6697,0.8656176261039195
6698,0.16529429057703549
6699,0.8733122383379337
6700,0.509906516354653
6701,0.8627213302669414
6702,0.6908306136706946
6703,0.506171303695152
6704,0.27879164492807273
6705,0.38611654388615724
6706,0.15088140431677197
6707,0.22521201129823112
6708,0.3455798704836803
6709,0.6529042773539385
6710,0.5445730648979084
6711,0.72997394517788
6712,0.29456811510785996
6713,0.9176575849900066
6714,0.45154827833527655
6715,0.3195690988091951
6716,0.907089940222043
6717,0.430789485779483
6718,0.03556963909428471
6719,0.2357681515454345
6720,0.9712157320268558
6721,0.9616192338354566
6722,0.9371352357360674
6723,0.9515337857890747
6724,0.2783355825226847
6725,0.8174381053688432
6726,0.2290922793991005
6727,0.9206330165967084
6728,0.9342312482653277
6729,0.8988656601930696
6730,0.9218574130437273
6731,0.9085331762586594
6732,0.08798903501077243
6733,0.14060231481672011
6734,0.1437259437935112
6735,0.3120664107186877
6736,0.03151750857151026
6737,0.8556485576653529
6738,0.634378033137263
6739,0.0290055340927136
6740,0.3738393603543041
6741,0.036100088859931025
6742,0.8865966418760245
6743,0.7357612389712186
6744,0.21830920105266596
6745,0.7464138172495673
6746,0.11450379866679919
6747,0.08109572315295333
6748,0.9632087502574878
6749,0.7470244318803311
6750,0.4041219824610894
6751,0.9315353086594713
6752,0.9302253529201334
6753,0.9071911283325836
6754,0.15691367464733186
6755,0.12101178631903144
6756,0.693641072408603
6757,0.7515944557701806
6758,0.033296045553500755
6759,0.7645443209166776
6760,0.6803805818749
6761,0.25973404477900375
6762,0.5921422241317007
6763,0.3896589814749089
6764,0.7423660200903099
6765,0.8927884919033926
6766,0.7235006459413694
6767,0.8526571353391481
6768,0.23225865392506542
6769,0.863788867615938
6770,0.7373119870133243
6771,0.5001738590327913
6772,0.3468490188143788
6773,0.6057298451049634
6774,0.7796982989506492
6775,0.5518881789678343
6776,0.1760154487909098
6777,0.8562031366480716
6778,0.9574583652638641
6779,0.21268242423796954
6780,0.9607458885322842
6781,0.6151600716504897
6782,0.06561850300565862
6783,0.06022310206199149
6784,0.7698633397252566
6785,0.9230182242583717
6786,0.09835298955360479
6787,0.9378501618590229
6788,0.8665326817752982
6789,0.18078900109020055
6790,0.5514230464700888
6791,0.14801208243492622
6792,0.45097589793068843
6793,0.39327951701621605
6794,0.8929382714417109
6795,0.6850129152028442
6796,0.8940875700437946
6797,0.5560660376200754
6798,0.02439523997578591
6799,0.5401491389255668
6800,0.5513520429748142
6801,0.17667353954292922
6802,0.2545264187605912
6803,0.321522807143341
6804,0.15142495009853366
6805,0.9503802850350734
6806,0.4399122469437299
6807,0.5429220265895935
6808,0.31470123371132647
6809,0.49203243789652934
6810,0.07762949116088312
6811,0.5482044865074371
6812,0.15585739603071733
6813,0.5772185703107822
6814,0.877153383655743
6815,0.5598530824452652
6816,0.11840463119195908
6817,0.5243972305283296
6818,0.8950070377036929
6819,0.87580477920429
6820,0.9278416625140117
6821,0.6581033488511872
6822,0.7556310877466492
6823,0.01955255729644114
6824,0.8805426813054869
6825,0.8128070253172095
6826,0.13002967788533698
6827,0.1717886177629093
6828,0.282801364835065
6829,0.45731962674602294
6830,0.5175597307504891
6831,0.8245076436892382
6832,0.4927152040324684
6833,0.954476440654313
6834,0.3167933273940384
6835,0.49407974950305983
6836,0.797451947411216
6837,0.9637241604398679
6838,0.9397142953219171
6839,0.22306525535590058
6840,0.8147954106427744
6841,0.7504849608324727
6842,0.28498821833024773
6843,0.027480517850118617
6844,0.42418872646019196
6845,0.9380931035006772
6846,0.48841459781103236
6847,0.7684989031086468
6848,0.9519687092869497
6849,0.06721446559874124
6850,0.8179356294846871
6851,0.2800546172447472
6852,0.8020647873649469
6853,0.17676803681724199
6854,0.7359329659997665
6855,0.883759060590368
6856,0.5054433493703134
6857,0.17852683996180913
6858,0.8479055200222181
6859,0.5255047511635091
6860,0.4963111639979434
6861,0.4332030376921655
6862,0.6236952487742115
6863,0.9052364752162996
6864,0.24016232215333558
6865,0.8971757831503222
6866,0.046229543578686805
6867,0.9123158100654789
6868,0.5223531730452999
6869,0.5879876630093325
6870,0.43201965183130225
6871,0.46831131010802074
6872,0.7924177732657605
6873,0.5744112185322053
6874,0.07996376664711734
6875,0.7754161422389956
6876,0.129079239095688
6877,0.12947926575459692
6878,0.9460568992474301
6879,0.18121319354255808
6880,0.6900088505939617
6881,0.036818414444257236
6882,0.5585111849586062
6883,0.03671819042023017
6884,0.7352910225682762
6885,0.8687595362789011
6886,0.8056348575759498
6887,0.9428204443415107
6888,0.12497782401560806
6889,0.13527577695908774
6890,0.16377184909221315
6891,0.9416548029403623
6892,0.6624114362744361
6893,0.9064034476662141
6894,0.21340077541814048
6895,0.2220048782605549
6896,0.4627914159675965
6897,0.16417208992773533
6898,0.6729487713661848
6899,0.9056304299381303
6900,0.11847697025377438
6901,0.8012978533192779
6902,0.18199969993858614
6903,0.6044337536532026
6904,0.2289164373054939
6905,0.6978145989066149
6906,0.9414263894339429
6907,0.08739848101605982
6908,0.7693307381821213
6909,0.17578037109349148
6910,0.9245859588773727
6911,0.07126645909243993
6912,0.8574808640889907
6913,0.5156565034394104
6914,0.48600922779465006
6915,0.20431524464335513
6916,0.6808243073206066
6917,0.9339647716542976
6918,0.3340336765041852
6919,0.2396263654379999
6920,0.03279548877003868
6921,0.7691840652761505
6922,0.9047328318305381
6923,0.027154884921953518
6924,0.5637536462557441
6925,0.9573746319169205
6926,0.8083270461504309
6927,0.8747647344769487
6928,0.0480456545919481
6929,0.16383037344476395
6930,0.6160350146274118
6931,0.3472542758827118
6932,0.9575947813616897
6933,0.928005926501937
6934,0.2740064344233617
6935,0.11281490104486173
6936,0.8227122304157511
6937,0.10525140880164088
6938,0.15259211902552988
6939,0.4905894746312941
6940,0.9539757214894011
6941,0.6812510686291657
6942,0.19120316967765466
6943,0.13677855259986496
6944,0.7897508761528073
6945,0.8978645298407445
6946,0.8548837612527734
6947,0.1759813202427458
6948,0.8947762172866116
6949,0.3478523118754031
6950,0.8760082649601404
6951,0.5681587575452532
6952,0.6177908498883783
6953,0.8121978091583822
6954,0.3599371820882444
6955,0.5972062523724317
6956,0.8115430931037478
6957,0.5025064592322855
6958,0.2612205397984464
6959,0.84749118781602
6960,0.6235979537780117
6961,0.08935827668592786
6962,0.9093848613235357
6963,0.032869996078855726
6964,0.296264445018875
6965,0.36361076408779713
6966,0.5669045212033526
6967,0.1338939025375064
6968,0.9556043184493199
6969,0.9011922959087675
6970,0.8202560802562376
6971,0.905165762137348
6972,0.36469798940999304
6973,0.26572109540025385
6974,0.8071698519395094
6975,0.8714325926223659
6976,0.41917848489049414
6977,0.1376975750469118
6978,0.38950970669890883
6979,0.4510461583751287
6980,0.8201105599541572
6981,0.7451562091805838
6982,0.9054413839481141
6983,0.04812924272676641
6984,0.8829977342071433
6985,0.4109771552157281
6986,0.46141059031917725
6987,0.3686073628994277
6988,0.5284383558976342
6989,0.3012579963562527
6990,0.9372625677545421
6991,0.435318126954145
6992,0.8881194354490273
6993,0.09499370013549822
6994,0.11890072226687816
6995,0.08858607251047419
6996,0.35050352817397973
6997,0.1568369198772788
6998,0.11940214367923306
6999,0.6638051058887345
7000,0.5891893371791266
7001,0.281503115698388
7002,0.9326469219743796
7003,0.3188039737972811
7004,0.4593098927950563
7005,0.35698214654673005
7006,0.542128321690453
7007,0.3550398682912217
7008,0.3871445921625286
7009,0.7826588161230227
7010,0.9045357689375055
7011,0.5336517629422994
7012,0.7483361181600012
7013,0.11036285029462678
7014,0.09487103659358719
7015,0.6153931042535524
7016,0.33650854112015044
7017,0.05531044022229145
7018,0.27436405190493995
7019,0.27815679049667347
7020,0.6917713504602346
7021,0.9206763991875223
7022,0.9100936442332569
7023,0.9391423821803626
7024,0.05238822389356651
7025,0.7153729595919092
7026,0.1577713452754063
7027,0.07568789325664174
7028,0.9755755484840666
7029,0.5124995567627838
7030,0.5015761895873451
7031,0.7061726118540029
7032,0.046983560268311436
7033,0.47445733778405685
7034,0.41272211232706213
7035,0.7834895566749113
7036,0.9336917752831628
7037,0.6393560773886859
7038,0.483447786382794
7039,0.8686785819329159
7040,0.7995708373542091
7041,0.26349963716653374
7042,0.13882801884084964
7043,0.9609188009641062
7044,0.03813864142958555
7045,0.7041717944607605
7046,0.9358556133181783
7047,0.44013553815888856
7048,0.7915466390578582
7049,0.9734563938642582
7050,0.9699527045253445
7051,0.3773659949930754
7052,0.8394184408666928
7053,0.8605849369456271
7054,0.5930860669126009
7055,0.3079423371679716
7056,0.1730784659898865
7057,0.16371286053987297
7058,0.5958607050430038
7059,0.8624450274241438
7060,0.4954739679076351
7061,0.9051552369238726
7062,0.5986578195056673
7063,0.8384289049696177
7064,0.6209959886703604
7065,0.8333758826686388
7066,0.6155917533054224
7067,0.6171451718579992
7068,0.7982875980932275
7069,0.2282660947166773
7070,0.6290182862053438
7071,0.761266767304878
7072,0.957260399680126
7073,0.6949637418630565
7074,0.9201589881659636
7075,0.44705033164052715
7076,0.489034510627957
7077,0.7706506327360453
7078,0.42787164838329866
7079,0.8935251304750023
7080,0.9137740036795863
7081,0.9301946586492853
7082,0.05375170432722575
7083,0.8686463738186329
7084,0.8767319520543378
7085,0.6323444245057762
7086,0.08047776845992763
7087,0.3077554933566473
7088,0.7199083695580798
7089,0.23389244218902905
7090,0.9284011755173315
7091,0.980462445337117
7092,0.8446992573724089
7093,0.7952696818169829
7094,0.7443854901152082
7095,0.1420122873635762
7096,0.17468721233469028
7097,0.14140489884697124
7098,0.38700976946705856
7099,0.7190365346653975
7100,0.9507928830120591
7101,0.33027930819279805
7102,0.6362494113592722
7103,0.8726774558072348
7104,0.6109183603752547
7105,0.9599022983542368
7106,0.17478563903513772
7107,0.7854864153366619
7108,0.689756793498686
7109,0.9203209445994386
7110,0.28715168882287695
7111,0.8438263444836355
7112,0.8799935782754764
7113,0.23797478543268608
7114,0.11820263145789432
7115,0.30677111719230576
7116,0.5382564213771417
7117,0.39105913430369815
7118,0.9238814757476721
7119,0.07215826312276985
7120,0.4652772092899247
7121,0.302059937971292
7122,0.9391134597239271
7123,0.9415904109439528
7124,0.7829150115644737
7125,0.2832276911149063
7126,0.5481999576102002
7127,0.6615903906545283
7128,0.06284551215667976
7129,0.044155169502610316
7130,0.21452981655061254
7131,0.7563555786229061
7132,0.9698486201251342
7133,0.9919696627601416
7134,0.7827515500128092
7135,0.11478702396658504
7136,0.2658089054226943
7137,0.9163497455503059
7138,0.19219758379801827
7139,0.627348576323591
7140,0.0540883463611961
7141,0.9514435899367868
7142,0.4153646535574729
7143,0.48113309309320795
7144,0.09537569784158209
7145,0.21409684184879096
7146,0.3857462214026006
7147,0.9250747964123839
7148,0.7965305045567702
7149,0.919212911026461
7150,0.8815231920216371
7151,0.9076770004665478
7152,0.036089387612484765
7153,0.3614728184345765
7154,0.17438288325288326
7155,0.1560770824978503
7156,0.08685291667694026
7157,0.01777698526689622
7158,0.32254518491803175
7159,0.24183862439178824
7160,0.5463414877712611
7161,0.9406913420652347
7162,0.689821273029174
7163,0.22338594692614713
7164,0.3662178823055515
7165,0.011915035723930642
7166,0.9785343149375401
7167,0.1478214470738734
7168,0.7267833378431543
7169,0.18600635683699984
7170,0.9538884822971967
7171,0.14433582808033296
7172,0.5560194764927657
7173,0.5228139020416551
7174,0.8330522061219581
7175,0.4825497722057238
7176,0.6456290347545853
7177,0.7224461486653072
7178,0.47817134338158546
7179,0.13090090030166518
7180,0.8867643420856753
7181,0.8665429614950173
7182,0.7991943135973724
7183,0.03978134629310348
7184,0.9159005311936137
7185,0.8426815621656661
7186,0.8263361023494791
7187,0.03746558340150926
7188,0.1663216462882144
7189,0.885354386940183
7190,0.7711636105991155
7191,0.979367990871939
7192,0.8063014869435876
7193,0.24008479199296456
7194,0.03638564568175929
7195,0.17948289545338622
7196,0.7979491122432527
7197,0.878716789666275
7198,0.2420602022969953
7199,0.6469950147366652
7200,0.813376784311312
7201,0.4693815056880503
7202,0.2754326218650238
7203,0.6980606577631233
7204,0.8683266303254247
7205,0.5660533576096258
7206,0.20299045106010324
7207,0.48697073842405925
7208,0.22079897028991977
7209,0.5851647929093958
7210,0.03484385163478256
7211,0.7458116408490546
7212,0.884745746725405
7213,0.7559443191453643
7214,0.0631928758955117
7215,0.3365033368192604
7216,0.6032168592683443
7217,0.8857439102288756
7218,0.09919837888457472
7219,0.8421658230243337
7220,0.16978869813641007
7221,0.06885201552909123
7222,0.9158989186500299
7223,0.6484175165087956
7224,0.5740246392528172
7225,0.0820657687001618
7226,0.6150756176278469
7227,0.11380089806329922
7228,0.1610853973812989
7229,0.7131982082785768
7230,0.488015395261961
7231,0.21027793635274258
7232,0.89570041089766
7233,0.9408567552698185
7234,0.45445236008698237
7235,0.7206440106475587
7236,0.7818984612234873
7237,0.7861836976272201
7238,0.8530548525884823
7239,0.9238223204658773
7240,0.9482838322121606
7241,0.8227540843179049
7242,0.13399416839204933
7243,0.9522028826485551
7244,0.657712610691228
7245,0.8868354970553317
7246,0.9509585891526441
7247,0.42085219592438694
7248,0.8041608979381739
7249,0.05761794845081978
7250,0.9137618667123403
7251,0.5787125427940164
7252,0.9147862300024524
7253,0.8305698406027239
7254,0.374168331127276
7255,0.09092106445947296
7256,0.26720013242811175
7257,0.1279521907660592
7258,0.06083491996438776
7259,0.5375332108663581
7260,0.7145622064851249
7261,0.3153331273304882
7262,0.8188556578900895
7263,0.5900680863997186
7264,0.7580468732582016
7265,0.6275261242205169
7266,0.3021751531494402
7267,0.2924344394812662
7268,0.39833749793123835
7269,0.4905373233147064
7270,0.15731523504942507
7271,0.2943510164822249
7272,0.8149678039603504
7273,0.20085896307829587
7274,0.9185092000668208
7275,0.5317369454084823
7276,0.21903894907061813
7277,0.89922430591408
7278,0.7930902514745266
7279,0.9348389790426148
7280,0.2749023712602698
7281,0.4788028937693421
7282,0.3479116955356562
7283,0.23175457896989976
7284,0.34951675386346565
7285,0.01451463919217186
7286,0.24756701383455648
7287,0.6104629296095538
7288,0.9118202350210975
7289,0.7547437689016231
7290,0.7952427515279105
7291,0.5124563107925447
7292,0.042851390561848605
7293,0.7991469304393576
7294,0.13353445330244199
7295,0.2306560702065405
7296,0.8349376718417633
7297,0.8574122268316969
7298,0.1370689623598951
7299,0.2412244963082605
7300,0.9396541190878255
7301,0.9539689117799885
7302,0.8941798720432037
7303,0.21376703703419836
7304,0.5012141953519905
7305,0.846793095598898
7306,0.891508158547123
7307,0.2796704248387087
7308,0.5469304547591647
7309,0.7509022282250037
7310,0.6504724955321466
7311,0.8783599371424196
7312,0.9633241884437983
7313,0.3056326454548147
7314,0.8347927452356969
7315,0.8595353695671488
7316,0.23101117800922502
7317,0.7422691507651032
7318,0.14980872748070787
7319,0.7406217281604858
7320,0.3311337140267378
7321,0.6677021517854829
7322,0.18815464983666846
7323,0.1867636803356543
7324,0.7863996106418786
7325,0.21516582756002275
7326,0.8229190451855811
7327,0.17306616855064302
7328,0.196151365096558
7329,0.8926299514092608
7330,0.18309351586150782
7331,0.43777258796816065
7332,0.7358786475836802
7333,0.45589405520046694
7334,0.6950745744532884
7335,0.43675694797119874
7336,0.8908715395781407
7337,0.6950962400177199
7338,0.9547356529261779
7339,0.597146468836549
7340,0.8940098594630269
7341,0.726473150728849
7342,0.5901433725833031
7343,0.9905131116040038
7344,0.8382502705575865
7345,0.46952757286505037
7346,0.5951367355044862
7347,0.19082131542312425
7348,0.6460047647782245
7349,0.864348713583344
7350,0.8460653064737654
7351,0.3744567918414618
7352,0.6773581925727848
7353,0.7167747840940117
7354,0.9175747245609956
7355,0.5467790704968667
7356,0.8265358528498694
7357,0.7096463421571807
7358,0.2000470083290009
7359,0.8414062736746426
7360,0.6957031245088047
7361,0.5243351329809068
7362,0.1760847144225088
7363,0.21995412749607088
7364,0.916111056612551
7365,0.6583313306026631
7366,0.8139087168952341
7367,0.5678974043882675
7368,0.7326573074369708
7369,0.13387452203954256
7370,0.09894379820297985
7371,0.78094876547732
7372,0.9719354293561562
7373,0.977373474969152
7374,0.7010648556863476
7375,0.325272773551897
7376,0.7310068460256328
7377,0.05322842035838091
7378,0.7198018431337736
7379,0.9737898789171092
7380,0.6451969581821728
7381,0.01374103572627552
7382,0.1271051075580514
7383,0.622107024617677
7384,0.3777315707848592
7385,0.8000455271901907
7386,0.8892107720374293
7387,0.2847885809753816
7388,0.3246033903975982
7389,0.3707063518411904
7390,0.7266501493294283
7391,0.8049970635679651
7392,0.8323918586071006
7393,0.07946120961498153
7394,0.18752975415207415
7395,0.9451891708778758
7396,0.27334073089162003
7397,0.3055072010904992
7398,0.8594435156788021
7399,0.09101989524154738
7400,0.5492741441752786
7401,0.6628674390982247
7402,0.641380794922435
7403,0.12791091785026276
7404,0.6721566269721755
7405,0.577161323297094
7406,0.32275878020433113
7407,0.8371800697268503
7408,0.9278874721182107
7409,0.7103685932643385
7410,0.6372174043919453
7411,0.9225126146422765
7412,0.9244779872790015
7413,0.6723518168429299
7414,0.05290558254994873
7415,0.6185612814402375
7416,0.9239048294520151
7417,0.1463656636242071
7418,0.9502783487912014
7419,0.9784865507885689
7420,0.9787819432094903
7421,0.5164588558716487
7422,0.81819305678749
7423,0.8256936708915401
7424,0.34891174045686546
7425,0.7849819305905769
7426,0.7369059950999355
7427,0.37065612153703326
7428,0.7453446448156856
7429,0.21284705860996736
7430,0.934460598824931
7431,0.8840366903140932
7432,0.8083020980877619
7433,0.05010587484920429
7434,0.8689038136531408
7435,0.8055515089587553
7436,0.3552850781445738
7437,0.9000206377414768
7438,0.22107105843642602
7439,0.955027949243697
7440,0.1636794834693956
7441,0.04046291422204869
7442,0.8471058695872565
7443,0.7876534043815253
7444,0.9386984707699424
7445,0.8443806161577174
7446,0.6608969438244479
7447,0.549406268032348
7448,0.9539168251213976
7449,0.0384970031170551
7450,0.8616577593616626
7451,0.14977908211033705
7452,0.9398175511555436
7453,0.27842303018590286
7454,0.9146469585320576
7455,0.9654067512128943
7456,0.9364685071162768
7457,0.2858176277308051
7458,0.8841264661499249
7459,0.39882502104864864
7460,0.1708171475840972
7461,0.5057998324442486
7462,0.9448015639490855
7463,0.8002385972174806
7464,0.17303416727780657
7465,0.8857869304994652
7466,0.34001764057066775
7467,0.939455930020924
7468,0.9752629728513678
7469,0.8923817390030245
7470,0.572167819308019
7471,0.31491279150734913
7472,0.14919253262774607
7473,0.5846523972478606
7474,0.14615561196666998
7475,0.5126261192003505
7476,0.8676657203298338
7477,0.7460885470349894
7478,0.8282750066351006
7479,0.4498026739526912
7480,0.8335794268794264
7481,0.07894968372608774
7482,0.28818007919651656
7483,0.5633097168912828
7484,0.5731623247768048
7485,0.02323283497653878
7486,0.7791683040318239
7487,0.44828154582608115
7488,0.6836843242099536
7489,0.44381653577648056
7490,0.4032534574685332
7491,0.5521961019800378
7492,0.14318041703130518
7493,0.28737608376746826
7494,0.9712402492828003
7495,0.4221634579975389
7496,0.8644821127434937
7497,0.9287888135089618
7498,0.07707030014253365
7499,0.7429427652957244
7500,0.27357798920379606
7501,0.6184753850504926
7502,0.455097370704254
7503,0.9756349659496577
7504,0.19305420290421627
7505,0.35023400543239264
7506,0.6013583836731594
7507,0.9787968548782194
7508,0.5591240833990649
7509,0.08949803743294242
7510,0.5804280930165973
7511,0.903038444243787
7512,0.9336529329758853
7513,0.41846077922699315
7514,0.9092751364178957
7515,0.8873562882773294
7516,0.25103669691125413
7517,0.6615793362053245
7518,0.7961740092376735
7519,0.8322465961499659
7520,0.5627429847587277
7521,0.8483277814457731
7522,0.392792571361505
7523,0.6794710651372445
7524,0.5514884872680846
7525,0.3764320655560459
7526,0.20563885228868
7527,0.521105291516816
7528,0.5844091377758001
7529,0.20203698301009496
7530,0.8801114495608753
7531,0.5028519057318832
7532,0.24994706278537637
7533,0.9756052538209488
7534,0.34679726164149205
7535,0.37943726149198576
7536,0.7195260688955486
7537,0.8606718571781172
7538,0.8947832355815568
7539,0.882794030495566
7540,0.9554520821464259
7541,0.2461763649773855
7542,0.6924531976874706
7543,0.47574220250539345
7544,0.6181867430304006
7545,0.9441364607861492
7546,0.7900391851687179
7547,0.5266245210998702
7548,0.5224934716089714
7549,0.03769704419296094
7550,0.9055383424681568
7551,0.04837923988240217
7552,0.40441124906721404
7553,0.1503493720053886
7554,0.49203223606925717
7555,0.2465872025529621
7556,0.9602621569144065
7557,0.22690456996993513
7558,0.35707165906525834
7559,0.3532402766301887
7560,0.682748677003563
7561,0.415857476495347
7562,0.9251910656063512
7563,0.3049489388111646
7564,0.33496113010286854
7565,0.9283881668147109
7566,0.788720070159005
7567,0.4795870705077052
7568,0.6641947908570369
7569,0.5642743886823735
7570,0.2869811672297025
7571,0.9329588888933854
7572,0.18192356201314577
7573,0.4221350958269876
7574,0.23577405051068462
7575,0.4259877129168468
7576,0.4166868226018737
7577,0.15505424808841578
7578,0.9764153666651515
7579,0.5586208087528587
7580,0.28337627599920523
7581,0.07688375423797673
7582,0.695947722286511
7583,0.28304970975495886
7584,0.9461168373976924
7585,0.695510664232003
7586,0.747742678290465
7587,0.4031795676284315
7588,0.9066770424856612
7589,0.9436947082189985
7590,0.4107183700947249
7591,0.49255506942786026
7592,0.6715177769563158
7593,0.1013145140951589
7594,0.2793056839051788
7595,0.41439807597566963
7596,0.6370820532623462
7597,0.8477771712630642
7598,0.8587990474369477
7599,0.5127669187870999
7600,0.1624011792616572
7601,0.7178091000051573
7602,0.637294241888929
7603,0.6700283536708265
7604,0.7233144621774422
7605,0.31519632517878765
7606,0.7413189167361697
7607,0.41506345930097494
7608,0.24639010326865854
7609,0.9493238625373902
7610,0.04195752422907851
7611,0.7424191560084921
7612,0.7764490352617142
7613,0.8417740029719015
7614,0.8297521033203301
7615,0.8602558331907173
7616,0.16423709380108126
7617,0.8397311760036688
7618,0.7887755634419167
7619,0.6987587627264115
7620,0.050352458242513165
7621,0.817470437459627
7622,0.21598283406217963
7623,0.5673562570457535
7624,0.22540916497723368
7625,0.9371825312538263
7626,0.7289894093337339
7627,0.8535944038924259
7628,0.22520677580411408
7629,0.8530181506787168
7630,0.8463527829912134
7631,0.8617237588369704
7632,0.9395641535204414
7633,0.9581865291126397
7634,0.9908028507459311
7635,0.8654299177921984
7636,0.9662766888363853
7637,0.5372876623162101
7638,0.9848717073977538
7639,0.8844756920967415
7640,0.9592204650377415
7641,0.8994681659038586
7642,0.7591362161285732
7643,0.2326710741926606
7644,0.5723331353572997
7645,0.8348617590852649
7646,0.922867442386461
7647,0.06053686229943775
7648,0.6441035449142907
7649,0.924846183637575
7650,0.4046450295388993
7651,0.0505270964219256
7652,0.35059237342069316
7653,0.09243243757688173
7654,0.4205655971697863
7655,0.1461708876546924
7656,0.1604795879173722
7657,0.5516118009675975
7658,0.5043356834616372
7659,0.9633951352012788
7660,0.6372854648657923
7661,0.90175993616924
7662,0.10753240816875734
7663,0.06306611584805498
7664,0.3544406222288306
7665,0.8889170947048294
7666,0.3851197485489938
7667,0.10851089958958507
7668,0.9142261670420868
7669,0.8070424340476016
7670,0.671128282815707
7671,0.44297836399088825
7672,0.9187122919767008
7673,0.5368999832890097
7674,0.7742192223145913
7675,0.5261757779312994
7676,0.4172548508348955
7677,0.9747434356605178
7678,0.1610390737926331
7679,0.8535538207845536
7680,0.5481448815812006
7681,0.07347743292899707
7682,0.8969118879212946
7683,0.6437678877782965
7684,0.6383121695223072
7685,0.63096532017127
7686,0.40015652900319465
7687,0.9454973385552249
7688,0.9488025070949471
7689,0.958701808859868
7690,0.2422203900316599
7691,0.26535740731050417
7692,0.9817142735320612
7693,0.1311452275755551
7694,0.17086588405629893
7695,0.06750819405367522
7696,0.42464309382570503
7697,0.6724501255603121
7698,0.970565105941241
7699,0.4313918328130279
7700,0.7079557550577524
7701,0.13666158546921858
7702,0.7894109149682237
7703,0.6880977331482049
7704,0.9231385749078654
7705,0.8114355254875631
7706,0.10710133537533639
7707,0.5517931974231461
7708,0.3235942115477257
7709,0.047791253590601324
7710,0.6584031683823234
7711,0.5990219363406767
7712,0.43574729937328754
7713,0.2750100901335155
7714,0.05773533543734341
7715,0.7727686373769623
7716,0.3074028143892034
7717,0.1601154555854079
7718,0.8789865693531977
7719,0.929239483011441
7720,0.16371584053183003
7721,0.5453907005899056
7722,0.7661399663936713
7723,0.26307036845143666
7724,0.7769008844180463
7725,0.5737486048692211
7726,0.27486765016587306
7727,0.060754482081128595
7728,0.8526199390160617
7729,0.19192651983386455
7730,0.9151380428145977
7731,0.10123075978172831
7732,0.17714648234047012
7733,0.7358827580643115
7734,0.8603588764556849
7735,0.928081769384812
7736,0.9148141714629504
7737,0.44920237112601114
7738,0.49473337480161894
7739,0.776011543869946
7740,0.02517793023342244
7741,0.15095153934453479
7742,0.15487419496758362
7743,0.6842130025437694
7744,0.11973486490329971
7745,0.8507543282961711
7746,0.3727443293791722
7747,0.16696535504644533
7748,0.8135632607197696
7749,0.259998243268002
7750,0.022578377723532106
7751,0.11462179243014667
7752,0.26372076068988104
7753,0.2395532204108043
7754,0.08997378184960306
7755,0.8304636234679713
7756,0.14529015215798485
7757,0.5476157828866138
7758,0.10512315462426926
7759,0.5814598323443853
7760,0.5071487337609406
7761,0.3248062677162655
7762,0.9668881040723869
7763,0.05663068925610482
7764,0.6051134211791375
7765,0.8403071497703801
7766,0.9339119078332334
7767,0.5143459589984992
7768,0.4534181180316847
7769,0.7150162253793294
7770,0.36207197221896836
7771,0.32229312269999844
7772,0.9334027369673706
7773,0.6435766276593697
7774,0.9296695912934126
7775,0.7234888107452282
7776,0.20379476208845942
7777,0.2321035848090411
7778,0.9542860724356883
7779,0.380426590007742
7780,0.19352036019050425
7781,0.27309703534249874
7782,0.3898492063976337
7783,0.3947158221298798
7784,0.394718852664857
7785,0.026524500411483885
7786,0.7404115178017805
7787,0.4631533886444537
7788,0.2772192214406362
7789,0.6269521879173264
7790,0.7857191144138979
7791,0.9788160175610499
7792,0.6835733409864
7793,0.20680217461624845
7794,0.9590743828218886
7795,0.27141412643165336
7796,0.9364264668013055
7797,0.3094900222867661
7798,0.5955349234554674
7799,0.017739144673230407
7800,0.28991644767833885
7801,0.1312386322046682
7802,0.20751589801946096
7803,0.1919432278906575
7804,0.25660235385241564
7805,0.4781515938954848
7806,0.07826975366210098
7807,0.29980668587799914
7808,0.5415908275453921
7809,0.895622502347966
7810,0.830577373371419
7811,0.9018138667904524
7812,0.239041617175754
7813,0.9197290505604133
7814,0.526834959758605
7815,0.7438643413455546
7816,0.22105174146258205
7817,0.4329390818482856
7818,0.5446109062864067
7819,0.7444555385590315
7820,0.3701883179042318
7821,0.6250108068110036
7822,0.9204060479018655
7823,0.8016723554440291
7824,0.5087152660522097
7825,0.10963073147645257
7826,0.9259482269535054
7827,0.11000138629810521
7828,0.8572434229359481
7829,0.8973149744647896
7830,0.5592466439082853
7831,0.8160642012700915
7832,0.12314582020545489
7833,0.8214066192175786
7834,0.6352373850092574
7835,0.06701895572065017
7836,0.7398206900506451
7837,0.8946623928311084
7838,0.929269181912376
7839,0.4378477364058878
7840,0.46107090103724474
7841,0.8891798285040057
7842,0.44629971884435327
7843,0.4028040805901496
7844,0.180565874193123
7845,0.5182829064222155
7846,0.5066617627254296
7847,0.7403757905703515
7848,0.8651023055635945
7849,0.1119730532695883
7850,0.47606117209033805
7851,0.8490631773079849
7852,0.9819381424981822
7853,0.34782845731524126
7854,0.8783011760520313
7855,0.16428846398034513
7856,0.5205148159852043
7857,0.3793694090914108
7858,0.40334073808654286
7859,0.8366571384156679
7860,0.37816209314239857
7861,0.05551908182059375
7862,0.7412554734588767
7863,0.8156027873216448
7864,0.8221577845423796
7865,0.6617001310833598
7866,0.9489422502196094
7867,0.9258333483482054
7868,0.9372592549652481
7869,0.9687062126557863
7870,0.8150975489142563
7871,0.6257359010244608
7872,0.59126909892265
7873,0.052374991631259145
7874,0.11476677415561949
7875,0.536546090079179
7876,0.683359748612484
7877,0.8852296576233222
7878,0.303270739800307
7879,0.8764256922936919
7880,0.4440920037095757
7881,0.28776267843107056
7882,0.914016822630748
7883,0.5570316125293809
7884,0.14069591037515924
7885,0.6492144140754079
7886,0.37498328542653264
7887,0.8889029745056474
7888,0.9633655427691022
7889,0.838400854834521
7890,0.7888793166105122
7891,0.17683674467033228
7892,0.14662647813767857
7893,0.4424691538973992
7894,0.5024534090070073
7895,0.44873007316506663
7896,0.8888372643071
7897,0.7751172726411403
7898,0.4776757053988786
7899,0.40507941576552287
7900,0.05170236381832423
7901,0.4169393257900734
7902,0.35527344992259197
7903,0.16753064337741255
7904,0.7200808844268773
7905,0.6609941753953777
7906,0.1344466396267571
7907,0.15000265493879808
7908,0.3464179960064916
7909,0.7027432474142769
7910,0.6580722821942393
7911,0.2122590136750913
7912,0.6210180133463187
7913,0.9483837856469178
7914,0.7602468444924019
7915,0.43565133445804494
7916,0.39972578306540446
7917,0.8054191749228665
7918,0.6827563036004732
7919,0.5826729854205969
7920,0.09238727977465688
7921,0.20722517154169393
7922,0.8081678465144673
7923,0.7138028848756465
7924,0.5444072361094436
7925,0.7640300299525586
7926,0.3543633063776345
7927,0.32084972104907683
7928,0.023909540726374908
7929,0.7126483250923399
7930,0.9509585891526441
7931,0.45696880347092755
7932,0.38284146783159
7933,0.02286392793017043
7934,0.43100971997454934
7935,0.39289953898535707
7936,0.29594244336346126
7937,0.9329846740983557
7938,0.17238506234317588
7939,0.4831854317373497
7940,0.033953105393680155
7941,0.7397110181922965
7942,0.4505645027937086
7943,0.7434707766636193
7944,0.2593022201735396
7945,0.48060283629101647
7946,0.793851136420777
7947,0.5969759258131706
7948,0.9490199324679264
7949,0.058307184254070575
7950,0.4602140158554397
7951,0.43931233053245405
7952,0.7829789751325883
7953,0.5294555631592024
7954,0.7382196092473928
7955,0.8143833137325059
7956,0.16174752726155736
7957,0.9567912548623524
7958,0.8740103457712307
7959,0.067419506027572
7960,0.560557320788011
7961,0.6202729799805421
7962,0.22876024710325263
7963,0.04183178574134369
7964,0.36798548455060953
7965,0.14020233925350106
7966,0.29899220455749825
7967,0.757065585472235
7968,0.39309546597882433
7969,0.010677580694387985
7970,0.3499951061528068
7971,0.8284891681920407
7972,0.5283548243229231
7973,0.1197955985240103
7974,0.4833557396158873
7975,0.6215901157937614
7976,0.4175662217239415
7977,0.9042100566716756
7978,0.32191979739989124
7979,0.9795667798332064
7980,0.8353604168136088
7981,0.8298485224060292
7982,0.09127188901545956
7983,0.22706762897808797
7984,0.9323496127443727
7985,0.23842996461980312
7986,0.272693138291937
7987,0.07901445278128943
7988,0.5465513605327856
7989,0.4732453460903296
7990,0.6183227395806102
7991,0.3766006228992246
7992,0.9216620660586653
7993,0.5590328022818115
7994,0.8751500487114334
7995,0.38242486591849423
7996,0.32041218842046426
7997,0.06504484366957236
7998,0.9548050861068058
7999,0.6267308694626322
8000,0.273243820712561
8001,0.7900454098394429
8002,0.3739416971437904
8003,0.6809545784324968
8004,0.42842930841707916
8005,0.3804404081857982
8006,0.423084472951101
8007,0.19124284196036967
8008,0.5415523758725737
8009,0.6980505206806438
8010,0.439119419621268
8011,0.8078163406676261
8012,0.9594196210642405
8013,0.5551011430873509
8014,0.8978561221265733
8015,0.24960458416162346
8016,0.98243743782781
8017,0.925280268197491
8018,0.7938124175406545
8019,0.14070226453625523
8020,0.855025578047689
8021,0.17188358341212587
8022,0.748130014002176
8023,0.06463171408280494
8024,0.9655146684063204
8025,0.676801664076575
8026,0.7960335503720221
8027,0.8985043941472044
8028,0.45710017949397147
8029,0.9291174380796836
8030,0.48378749472952004
8031,0.47364120826314676
8032,0.8276272218764404
8033,0.5431499513529707
8034,0.93344858089191
8035,0.8677482338293714
8036,0.7779825994597468
8037,0.04429018161557945
8038,0.3724585637517003
8039,0.7417384285284498
8040,0.5859295115807452
8041,0.18842795036100896
8042,0.24874979286896792
8043,0.635839807569333
8044,0.9383937717096684
8045,0.1079096772626591
8046,0.7049476186310297
8047,0.07110132805376586
8048,0.2965692171912739
8049,0.44771364105349676
8050,0.3483591030691962
8051,0.94370777817845
8052,0.5253033599212117
8053,0.964967689654472
8054,0.21410234818156168
8055,0.6417617980460975
8056,0.2966086020425496
8057,0.22891537000376777
8058,0.8565181627576629
8059,0.22564642319890776
8060,0.9201170773254712
8061,0.46474756139356205
8062,0.7890923755368148
8063,0.7586115182898308
8064,0.6753985706460834
8065,0.8156143847774361
8066,0.5427456842640416
8067,0.9075585094196975
8068,0.44532000093663876
8069,0.022332030349199318
8070,0.49030688007086953
8071,0.9584531878174934
8072,0.9680147784047848
8073,0.3748839730893283
8074,0.9200723632318224
8075,0.7966036418075505
8076,0.9359396744372261
8077,0.1327336178421801
8078,0.2660753833094084
8079,0.9609891762671458
8080,0.6675695040576202
8081,0.07013354378653129
8082,0.12677077931357383
8083,0.9853678801822571
8084,0.2884573401927604
8085,0.5071698011288943
8086,0.2000119696615287
8087,0.34472852007993415
8088,0.717895446461224
8089,0.14954199356568632
8090,0.8597258035315413
8091,0.9748038947507052
8092,0.32904365192377266
8093,0.47683379325293734
8094,0.14448543486997412
8095,0.8383743489343792
8096,0.08215444921028878
8097,0.9270288217194811
8098,0.8931556526557562
8099,0.9830146163855997
8100,0.9375669931805407
8101,0.4125531614420601
8102,0.7684980110995304
8103,0.13185535727208983
8104,0.07882493069872593
8105,0.24756297296051644
8106,0.32850951101869647
8107,0.7133862299729408
8108,0.5647812406366108
8109,0.3910511164298302
8110,0.819394455381174
8111,0.9700868088886473
8112,0.6178976123970598
8113,0.20865179189507121
8114,0.934207292229393
8115,0.07943721975903965
8116,0.8364583915786874
8117,0.30606441636424403
8118,0.4171560369766513
8119,0.8635609417178953
8120,0.4302222110649556
8121,0.9087214950443269
8122,0.9725707729927616
8123,0.2612068107931396
8124,0.2588591384883313
8125,0.8484270802731411
8126,0.836429344392476
8127,0.7544086163061581
8128,0.19710820613711588
8129,0.051903232402465395
8130,0.9858274258312907
8131,0.8845830662212091
8132,0.15564371169143812
8133,0.4709657866090049
8134,0.8096496878254289
8135,0.43493852098819236
8136,0.9109500872903415
8137,0.7487874652720181
8138,0.4314794053046991
8139,0.10772058760184566
8140,0.3076531686571343
8141,0.8103465846453571
8142,0.8078395075539787
8143,0.31756396766724787
8144,0.25797955823580226
8145,0.27006373994059885
8146,0.565366016115433
8147,0.29297151087733364
8148,0.01983108530976694
8149,0.8827925822082372
8150,0.7988057036476078
8151,0.07831444425364414
8152,0.1728228433737867
8153,0.9199974683205677
8154,0.16722948315537411
8155,0.8903829772503268
8156,0.5236221192707392
8157,0.24967074604522693
8158,0.42454292433054114
8159,0.0271415257732608
8160,0.06589811872531678
8161,0.0910247849085648
8162,0.9358800071372891
8163,0.8425101229902714
8164,0.9029761696416972
8165,0.5404576715286202
8166,0.861666285094691
8167,0.8824931897378858
8168,0.2347746384433152
8169,0.07873963578371682
8170,0.47334695065973414
8171,0.4424507919270288
8172,0.8743608158188864
8173,0.3060905844547157
8174,0.38468957144568533
8175,0.5858147983966959
8176,0.33993730768881536
8177,0.4475583616786495
8178,0.5757583341502647
8179,0.059646178789610545
8180,0.9126640455624945
8181,0.8960929395358324
8182,0.19228972836782393
8183,0.9197411282628881
8184,0.8518489922973673
8185,0.05629432869904608
8186,0.7719305103438473
8187,0.9141010118413897
8188,0.8065587605779991
8189,0.7231590862733437
8190,0.21547715134442816
8191,0.02068238148195619
8192,0.1842367340414101
8193,0.2133504283659309
8194,0.6778873758944801
8195,0.4438221417192538
8196,0.49963833411656294
8197,0.0755019838263559
8198,0.793781979826505
8199,0.8762161371917268
8200,0.1267111080041313
8201,0.3234676463683999
8202,0.3939580795267079
8203,0.2107790276979824
8204,0.036781370496067674
8205,0.26243822474894457
8206,0.4816741267631318
8207,0.4432324053675071
8208,0.9816396867134478
8209,0.8533725664348099
8210,0.41207846079133975
8211,0.30292444634791427
8212,0.07982396186805167
8213,0.9753140125121882
8214,0.322647422658845
8215,0.7024176279005415
8216,0.5575841463206263
8217,0.9101131161683058
8218,0.9167057746639873
8219,0.9759788214833817
8220,0.9028192847256169
8221,0.670765791406457
8222,0.8703616668826928
8223,0.8249557485840756
8224,0.721923603488516
8225,0.31005465778004665
8226,0.7132631776251867
8227,0.3070708420214932
8228,0.28508098508029256
8229,0.13068299525352806
8230,0.12065401505948103
8231,0.21346483629056295
8232,0.9123179850667636
8233,0.14621676406086365
8234,0.9358891150217244
8235,0.4611450824349203
8236,0.17320828517618592
8237,0.7044234466721828
8238,0.8723602121610142
8239,0.4926123861425338
8240,0.7168536497001604
8241,0.7591538883544695
8242,0.3869266158083845
8243,0.9015762899372994
8244,0.20667668839400438
8245,0.734830913138736
8246,0.10440208569910396
8247,0.8532095680102978
8248,0.5608240963531126
8249,0.835858382064839
8250,0.5351635917643373
8251,0.16702277680623248
8252,0.8566623695705926
8253,0.5247367807736744
8254,0.23804772505426364
8255,0.17914383747588467
8256,0.7657033212938196
8257,0.9736651928261357
8258,0.6164197308914188
8259,0.21590097139576764
8260,0.3008026747659923
8261,0.3628301260061234
8262,0.5594591051949865
8263,0.5216821004225759
8264,0.9545515462198895
8265,0.5278197472586901
8266,0.04033617495640421
8267,0.02591373399434522
8268,0.7785716181955797
8269,0.8961547387618574
8270,0.8815749455135716
8271,0.950189303001012
8272,0.3577523382892934
8273,0.5116187192010494
8274,0.9526220084537927
8275,0.09924504422935915
8276,0.903775019253926
8277,0.23069212453299298
8278,0.0740095400542724
8279,0.14838924729960892
8280,0.8386387799840276
8281,0.5952028387618695
8282,0.3104202149593783
8283,0.5394634923373033
8284,0.2302779824784713
8285,0.6666257890994025
8286,0.09094888150256973
8287,0.5025593330926581
8288,0.8238433494534737
8289,0.9752982355488592
8290,0.2269770167644825
8291,0.6754442771442247
8292,0.30764455426706666
8293,0.20118061269430643
8294,0.34307500097051663
8295,0.7486783513796215
8296,0.4886176804970642
8297,0.9248408779757334
8298,0.889734049910712
8299,0.2442796464575539
8300,0.5872850732138878
8301,0.1855948484014826
8302,0.9696954973803117
8303,0.38797632304493246
8304,0.8256754069101299
8305,0.4257081038662279
8306,0.13350970705690604
8307,0.10086829283047548
8308,0.5647930852527653
8309,0.6325536460396639
8310,0.22028196233916408
8311,0.9690569297416003
8312,0.6678766621891132
8313,0.8792452321413523
8314,0.23113426535209525
8315,0.664037344473707
8316,0.6623465170425719
8317,0.38224715129450304
8318,0.9511239562228637
8319,0.9516426035278879
8320,0.17647957982130638
8321,0.8448715362631778
8322,0.36860133575941717
8323,0.11661268969817053
8324,0.7372023601540314
8325,0.6402202622556936
8326,0.4007964635969737
8327,0.8815758137592885
8328,0.40493846450169574
8329,0.8570890605367908
8330,0.912735333649967
8331,0.593915360461342
8332,0.24810647857119764
8333,0.6796029979724733
8334,0.9338080641126171
8335,0.23832578923979403
8336,0.21623810890592673
8337,0.592939496858004
8338,0.746253951226346
8339,0.8567060850028553
8340,0.7755571700355618
8341,0.49292907144358183
8342,0.1636045035591019
8343,0.22856344357363254
8344,0.10208145129272964
8345,0.620094876224997
8346,0.9126831376763137
8347,0.4241248563976944
8348,0.856838340874586
8349,0.39425970989151504
8350,0.962232378174196
8351,0.5226460493903593
8352,0.3414238588443837
8353,0.9667821358723342
8354,0.1801152392239937
8355,0.47826911389427734
8356,0.08310833661410885
8357,0.8699786987368336
8358,0.8049827595192113
8359,0.3169470378924909
8360,0.720171940059665
8361,0.8561342010639434
8362,0.6977936700730453
8363,0.7663133358883077
8364,0.9120574477877563
8365,0.18108496589977877
8366,0.9422010261957694
8367,0.6516940194840193
8368,0.8092112396138251
8369,0.6969640075385187
8370,0.5514111608502738
8371,0.9313146342448075
8372,0.9127477989795537
8373,0.941269430326418
8374,0.6209718062517479
8375,0.18969387625338907
8376,0.15681163147874722
8377,0.7890443212225889
8378,0.6630508670259
8379,0.9640123895956747
8380,0.6397294094866676
8381,0.7805428211401377
8382,0.547292728268921
8383,0.8150093013079919
8384,0.5221711867320563
8385,0.7905415020149328
8386,0.980649862741842
8387,0.38950546063658853
8388,0.22737881868701357
8389,0.8813013551734852
8390,0.08390535240439295
8391,0.23529802474754058
8392,0.7246927631412297
8393,0.5206789189150212
8394,0.33760880880954386
8395,0.27536182873141435
8396,0.4033724989578674
8397,0.916222266741154
8398,0.8210212813288672
8399,0.8620616867931167
8400,0.15320375718954862
8401,0.8482873900929299
8402,0.7499422332387319
8403,0.3869436607895179
8404,0.5775009584645758
8405,0.5191036091637966
8406,0.8256519815335098
8407,0.033996767229953116
8408,0.39722668177015186
8409,0.22136371645829797
8410,0.8472853458660027
8411,0.23161350466343164
8412,0.2508781778073747
8413,0.9314184224016387
8414,0.05409514241196588
8415,0.9815185643531316
8416,0.5249313556419405
8417,0.11867891365917176
8418,0.5301619861540156
8419,0.2506190288008859
8420,0.7571179904961927
8421,0.9397871756799479
8422,0.9293482631094778
8423,0.8984877177234334
8424,0.03850704612333776
8425,0.34852934138042385
8426,0.5539026552172502
8427,0.07661468134711039
8428,0.4327153156479684
8429,0.4304516800290259
8430,0.5493521397083558
8431,0.617580668370439
8432,0.9039550218422778
8433,0.9050103242405318
8434,0.47112067466775515
8435,0.08092141390054149
8436,0.9105489864488909
8437,0.18884451536996466
8438,0.9347143594013141
8439,0.3314339832474123
8440,0.479007534217102
8441,0.14953493161944909
8442,0.08442442280335274
8443,0.7985450056493362
8444,0.931035394409411
8445,0.4441677353731435
8446,0.9343512846933177
8447,0.8886545760375238
8448,0.07770904006450163
8449,0.5967586935778029
8450,0.8402924955199998
8451,0.8110939624761403
8452,0.0508113112196928
8453,0.9419738534906223
8454,0.08618248721176931
8455,0.6172549210156102
8456,0.894599236303816
8457,0.8062585870182574
8458,0.858916416158267
8459,0.2882246397853714
8460,0.7963287828248814
8461,0.8934250893704161
8462,0.2560723575591921
8463,0.8003841561040101
8464,0.8217383169619276
8465,0.23210799289819653
8466,0.8710447388812186
8467,0.8964724063335939
8468,0.859117266412085
8469,0.16457371828775896
8470,0.2371333163024791
8471,0.31531867461405344
8472,0.37877357433597086
8473,0.8971593523035923
8474,0.6785751834307469
8475,0.011338331277250506
8476,0.40685959103621444
8477,0.5920410138719715
8478,0.05686195046965347
8479,0.2852068064414591
8480,0.6731824869110147
8481,0.7330247952398686
8482,0.8912975828825795
8483,0.7638662202475618
8484,0.5554468916518974
8485,0.021455163551653056
8486,0.03293761244428484
8487,0.9438731032180078
8488,0.20105599240668665
8489,0.9274543541394208
8490,0.19252725626637174
8491,0.7763176493534881
8492,0.12390283033624686
8493,0.2536522233904326
8494,0.4974923664598714
8495,0.9837702251509073
8496,0.8787127776437315
8497,0.1652982051119797
8498,0.5867386796167035
8499,0.7827993084485869
8500,0.23418552287725095
8501,0.10688997726299103
8502,0.1764825165400238
8503,0.35430148341833756
8504,0.7838525845621895
8505,0.92210051322908
8506,0.9316518661914808
8507,0.8841788914330738
8508,0.038048184032303305
8509,0.6538081144484927
8510,0.052149280810946844
8511,0.9785845592841514
8512,0.8669798594591045
8513,0.06063717194663441
8514,0.6248843605182401
8515,0.7758066788572584
8516,0.5671175901013535
8517,0.9702257453754665
8518,0.3879694087734837
8519,0.2198632131308273
8520,0.7759435955330907
8521,0.5696737907280974
8522,0.9499991639406512
8523,0.6432510021374599
8524,0.4942329427944647
8525,0.49286098710843645
8526,0.20766303566136943
8527,0.7168437383090788
8528,0.20811911844595465
8529,0.3194996801195041
8530,0.2616393365229847
8531,0.4853674789062001
8532,0.23291384740974722
8533,0.12557714781451831
8534,0.15621339765006054
8535,0.7230687289307102
8536,0.9103316815763809
8537,0.41087543531464493
8538,0.8481346108566039
8539,0.14162978726305586
8540,0.4486089137606433
8541,0.7782178623324716
8542,0.8189394740927655
8543,0.2819690299246938
8544,0.9155512258058295
8545,0.8171129450590894
8546,0.1593500091807621
8547,0.7926598385941876
8548,0.9583846687842943
8549,0.9402966452748579
8550,0.04688711914664672
8551,0.8947104075080332
8552,0.678474762247566
8553,0.8802819758129897
8554,0.2101575764130242
8555,0.8726669678450582
8556,0.9489068831255966
8557,0.031340756726835554
8558,0.7940912597419106
8559,0.2496074796287683
8560,0.9782785040518267
8561,0.4621945930605316
8562,0.7134017016746808
8563,0.4904869058704735
8564,0.13869783201550914
8565,0.7094027535361465
8566,0.5793492402109429
8567,0.34756040356560003
8568,0.7404102958962313
8569,0.9605942836182945
8570,0.8774395980016724
8571,0.869808122887664
8572,0.15493671508806353
8573,0.1558370054176878
8574,0.349617063735659
8575,0.48224462513489524
8576,0.2223835314432057
8577,0.754480207062827
8578,0.9672827681222332
8579,0.8038648174030095
8580,0.5213647746933863
8581,0.4931708275032931
8582,0.9744854171353887
8583,0.6790432357566002
8584,0.9832778807700491
8585,0.08702333527922405
8586,0.18098637047928667
8587,0.8479593894089462
8588,0.33873078474923324
8589,0.8321592276947009
8590,0.1709721141757364
8591,0.5706937792291948
8592,0.9126570208219215
8593,0.8853341489399243
8594,0.5379704223128583
8595,0.1412214388962865
8596,0.38570977749105584
8597,0.8082656134391408
8598,0.7198004215628269
8599,0.4675982732442794
8600,0.5487011537874451
8601,0.48987903683850215
8602,0.8653995613192624
8603,0.4524440164760196
8604,0.7016915769212592
8605,0.5996089449393835
8606,0.8919570160389576
8607,0.7973156033994803
8608,0.8367632014930588
8609,0.6412416811144124
8610,0.16188865656933657
8611,0.48399756906545605
8612,0.4204936221261753
8613,0.8911277703410934
8614,0.8809096069064885
8615,0.38656542391981885
8616,0.64079712312095
8617,0.787075159243287
8618,0.8970975939608169
8619,0.34020718638663483
8620,0.9896925150647345
8621,0.8912584416892367
8622,0.8372869028536218
8623,0.9517510711269651
8624,0.8864579632074199
8625,0.2568764287953132
8626,0.22157163045370554
8627,0.11198319535799692
8628,0.10732013585806247
8629,0.1841011456617429
8630,0.6988866440733728
8631,0.8640232328357698
8632,0.7303734633780616
8633,0.5743254491586507
8634,0.9298898824825826
8635,0.5441388624544217
8636,0.9365502170771284
8637,0.4118124075946016
8638,0.2529199057439018
8639,0.776293688197046
8640,0.8230093655807462
8641,0.8640059720975983
8642,0.8435336946988231
8643,0.019973386909201283
8644,0.8256641713501944
8645,0.9444982532922047
8646,0.5120905765590776
8647,0.20377179731693776
8648,0.37147732402253764
8649,0.7308496483290197
8650,0.6808950914325154
8651,0.8836329524852641
8652,0.711657169651804
8653,0.39175718839221857
8654,0.5640119288755843
8655,0.9616393730703096
8656,0.4915211680434166
8657,0.6563109473004737
8658,0.7284228608566542
8659,0.9426427805588599
8660,0.2112565955825152
8661,0.06888235831254193
8662,0.07880464100261712
8663,0.6295546109915058
8664,0.9398369743261479
8665,0.6565277725638698
8666,0.5030599547171077
8667,0.24879957651550721
8668,0.12137558566556444
8669,0.49672099333330677
8670,0.7268203495316192
8671,0.4808376369204353
8672,0.8248462617764779
8673,0.6829561169090285
8674,0.5258188660006813
8675,0.43143519714605977
8676,0.5416384164298874
8677,0.9253811592096466
8678,0.022800067211996622
8679,0.13562258917402426
8680,0.188940524773996
8681,0.569586110474539
8682,0.3952764797593054
8683,0.1331694326823329
8684,0.19985296286227702
8685,0.7725421714189785
8686,0.11621326644756466
8687,0.09430429934868273
8688,0.835436312258266
8689,0.030355283512438134
8690,0.7972306329466755
8691,0.9584272928731187
8692,0.10359341277334305
8693,0.3980097529079374
8694,0.1647848994667487
8695,0.7669563035281549
8696,0.8299851795583557
8697,0.21499289528680615
8698,0.7410778834236242
8699,0.842551936789526
8700,0.14555701921481673
8701,0.7584988768863233
8702,0.26172173996653664
8703,0.6868111188713293
8704,0.271421036791693
8705,0.9136569293061463
8706,0.019812788668747333
8707,0.2558815577193615
8708,0.4021020717379172
8709,0.927152438081195
8710,0.8005039567341469
8711,0.207622030800189
8712,0.7723087931228868
8713,0.11329874774353507
8714,0.9884885994251019
8715,0.02017408234448914
8716,0.9408254029111716
8717,0.6394023152458227
8718,0.6474086166023265
8719,0.2848850705356392
8720,0.7457756779028744
8721,0.3011648757206458
8722,0.9005635428343904
8723,0.12311730150482769
8724,0.9328501874176958
8725,0.6876049513443176
8726,0.2459938194657597
8727,0.1588984768964289
8728,0.3437523195620161
8729,0.7316771139081899
8730,0.23279908304841013
8731,0.10588936576320733
8732,0.5022766555494199
8733,0.6893474889881415
8734,0.4994980292199005
8735,0.7898445433034875
8736,0.1657658564934449
8737,0.24720105908023488
8738,0.03968978440277937
8739,0.05669781353762424
8740,0.8774761199857561
8741,0.24052975180871103
8742,0.7903896026435699
8743,0.4922843009528457
8744,0.2241420338916897
8745,0.08432659494863229
8746,0.9753188699002528
8747,0.44511205310517143
8748,0.48586255560329383
8749,0.951715926907034
8750,0.8614339088912119
8751,0.15489272953427075
8752,0.7447390042934698
8753,0.422131864954885
8754,0.5907920258915061
8755,0.6141856353138321
8756,0.6688507426874192
8757,0.856935358862938
8758,0.7428175793609064
8759,0.012318652469603722
8760,0.04597993104722497
8761,0.5317401152394554
8762,0.09056474209827292
8763,0.9683658318713033
8764,0.5237013736888166
8765,0.944711688844929
8766,0.907349078488858
8767,0.959177353621258
8768,0.5996858303867189
8769,0.5305255557732977
8770,0.8216908751838364
8771,0.4849253389796248
8772,0.15782448369871652
8773,0.25232027326915496
8774,0.8940515827478976
8775,0.7225284908273468
8776,0.785795018938903
8777,0.07248573761813717
8778,0.3606447628727937
8779,0.19384039513787463
8780,0.8508712074208359
8781,0.7912713295060511
8782,0.06289283571323726
8783,0.399649286709289
8784,0.9394771229256176
8785,0.9680059851570739
8786,0.5023284504586094
8787,0.2861662044744641
8788,0.8573262496717183
8789,0.4456374557556398
8790,0.8411230084134512
8791,0.9612259211125492
8792,0.9125093921099117
8793,0.2194979411043826
8794,0.3619783184099293
8795,0.8803650930583007
8796,0.41145578463349197
8797,0.8635774719286557
8798,0.8182116411771376
8799,0.6856711820251132
8800,0.41015764798429805
8801,0.1478468583605165
8802,0.2825359692426918
8803,0.11033360595939135
8804,0.8948124520712836
8805,0.7937421650259348
8806,0.16647337470950777
8807,0.06738530175270117
8808,0.6244526783152622
8809,0.1810658655559017
8810,0.9294825393768903
8811,0.4510591950114916
8812,0.5482832009065906
8813,0.840151966565275
8814,0.43674687307875915
8815,0.5810099660039142
8816,0.8213918648194375
8817,0.8132158996560264
8818,0.6555248471573971
8819,0.967835170189969
8820,0.5172723094999641
8821,0.8577068927965554
8822,0.514271803406605
8823,0.3705212799617489
8824,0.9122245036641127
8825,0.5861560199283969
8826,0.1739983186816123
8827,0.10511287775749963
8828,0.9358268621992618
8829,0.9065783756473114
8830,0.5929582306579803
8831,0.29259880470362604
8832,0.9066650788437794
8833,0.23613732493010003
8834,0.3530861920634424
8835,0.03096044680924559
8836,0.8029781707982191
8837,0.4863094461369127
8838,0.19695238717678243
8839,0.9689471200093017
8840,0.8180935823927462
8841,0.5345080855247393
8842,0.11273619735533454
8843,0.14223575350864523
8844,0.902704463808504
8845,0.4930637386691803
8846,0.13659793552573987
8847,0.4326136022413414
8848,0.3627642044917405
8849,0.8252953009608809
8850,0.9484488081155278
8851,0.5825225539294396
8852,0.6840422970781872
8853,0.5884552619896601
8854,0.9755059049695426
8855,0.14248822865242308
8856,0.9647434543418362
8857,0.6321983668647865
8858,0.3828184931374054
8859,0.6786309899804049
8860,0.8260338799946586
8861,0.4887089362340905
8862,0.7822225951170639
8863,0.9171759855268223
8864,0.9083758011816332
8865,0.9491431614368201
8866,0.7477466266206951
8867,0.8421256522036105
8868,0.7928420205176686
8869,0.9215938801263622
8870,0.17102793906021607
8871,0.8568319493729432
8872,0.9188237464295503
8873,0.15518600203724173
8874,0.32153975729049045
8875,0.24989366419412187
8876,0.5767650445771769
8877,0.25478843952588714
8878,0.24686848798604163
8879,0.24997204442963722
8880,0.6598455112762615
8881,0.1664546432089602
8882,0.25724647485439617
8883,0.8327804341041624
8884,0.12915471443511026
8885,0.12202758861627294
8886,0.23730117186681202
8887,0.2779544777250198
8888,0.4101020010333239
8889,0.9559069148592566
8890,0.9338024974968305
8891,0.7381419665293614
8892,0.49692839229460906
8893,0.06883108457256346
8894,0.7473208281114355
8895,0.8636708337396819
8896,0.6454228755289462
8897,0.500915753894805
8898,0.8589630426843822
8899,0.9022435301691176
8900,0.9112029385022133
8901,0.586214747068769
8902,0.2539973658199873
8903,0.7662229027132375
8904,0.5188083424463047
8905,0.48029472661268413
8906,0.2525197989233969
8907,0.8502181963375842
8908,0.8816404149170017
8909,0.8584899992013924
8910,0.7595392310208884
8911,0.48409227954314366
8912,0.7266386884777293
8913,0.785858086746767
8914,0.6362860798383397
8915,0.8292360007335163
8916,0.15958684753724445
8917,0.5042856656513311
8918,0.3329715262602332
8919,0.5121807190964557
8920,0.9024685416922694
8921,0.908063941438943
8922,0.20286880653762174
8923,0.6848217815837468
8924,0.11481960201877457
8925,0.6287808777565908
8926,0.4628403697529933
8927,0.8357374417717434
8928,0.7155067170903939
8929,0.6366744978130274
8930,0.6036815637644197
8931,0.4828771669430456
8932,0.8550185271470223
8933,0.22083777935577376
8934,0.7029677781614874
8935,0.2101338908449746
8936,0.9561370026132223
8937,0.6054268792458201
8938,0.32645722467801086
8939,0.8342742225359744
8940,0.883461179492847
8941,0.478066986543171
8942,0.8769580641886267
8943,0.8018549653671916
8944,0.2219190440743764
8945,0.8313328448151892
8946,0.6887830961402511
8947,0.984246402599418
8948,0.7038903201167251
8949,0.07097547468908846
8950,0.2099194796342268
8951,0.6588767205535211
8952,0.8232181185967026
8953,0.3184813597585031
8954,0.6368890201870404
8955,0.963914043706371
8956,0.2579631597093933
8957,0.8676766339559304
8958,0.08158561029741777
8959,0.1715239820639782
8960,0.35189499462305135
8961,0.9820313140264441
8962,0.32611623743894547
8963,0.8460465633989551
8964,0.4246961466943244
8965,0.9164744579168185
8966,0.19650330257935478
8967,0.8925035790052288
8968,0.8348427686633725
8969,0.20178720228366784
8970,0.17461333748517563
8971,0.9177347077606424
8972,0.2535992126223432
8973,0.426510227379414
8974,0.8709383636522746
8975,0.9501852904652145
8976,0.3250589833385663
8977,0.918156774305407
8978,0.11544777650945753
8979,0.252183752035983
8980,0.2664756763024386
8981,0.9283694782249594
8982,0.4168152831493953
8983,0.5852330191294373
8984,0.6394728807077492
8985,0.5660089324981099
8986,0.9091658034809664
8987,0.9482192706726856
8988,0.10921706438714951
8989,0.8523294488944284
8990,0.8880440795880844
8991,0.8796860092205351
8992,0.46737387176157186
8993,0.16186764724942074
8994,0.7521139627984214
8995,0.6984428953422245
8996,0.3837538243124387
8997,0.19180794700253556
8998,0.7947064485651669
8999,0.5184201042237848
9000,0.9594289497268829
9001,0.7480966851455243
9002,0.8192730466866114
9003,0.8822898071914177
9004,0.4959963075002334
9005,0.22627334474517
9006,0.04400433600243108
9007,0.19675389631403592
9008,0.10604741894151384
9009,0.934030640252211
9010,0.2527157146054807
9011,0.3300523960085479
9012,0.17368607259844854
9013,0.19531693402773262
9014,0.7629121015245082
9015,0.47123141132633284
9016,0.32458024133354774
9017,0.9348802273424028
9018,0.8214120753424182
9019,0.31626651441754106
9020,0.18278854112255838
9021,0.4152534358085396
9022,0.33183587229596534
9023,0.4737757791776744
9024,0.8564204666872702
9025,0.5463314089203337
9026,0.9533047260096151
9027,0.5427040086934072
9028,0.3240737716701977
9029,0.6641173369893507
9030,0.39295246986613075
9031,0.4478754882266363
9032,0.9173523417569642
9033,0.31769553236575354
9034,0.605826726786899
9035,0.5181101117561456
9036,0.9476692693660732
9037,0.9001988687930014
9038,0.6438024691956524
9039,0.16364503435035205
9040,0.5967666080467631
9041,0.9806383099759283
9042,0.3237952364410603
9043,0.5527550779748251
9044,0.21966549815843558
9045,0.8209385438851216
9046,0.7256919337671605
9047,0.4324682748658517
9048,0.46959605023384454
9049,0.20504052304336148
9050,0.9645935274781596
9051,0.255886518096423
9052,0.6610196718727246
9053,0.06265557299691021
9054,0.49530689833524155
9055,0.15342472943438362
9056,0.9577285653802067
9057,0.5948133771891161
9058,0.11320322291350758
9059,0.7227425150725175
9060,0.4109551434609694
9061,0.9582072146314732
9062,0.15925948892791064
9063,0.20087218495285925
9064,0.3358028555138751
9065,0.9407285723150614
9066,0.3030883073492114
9067,0.7979741883150608
9068,0.31146647844836234
9069,0.41007895781978065
9070,0.9707876924539324
9071,0.07606472048399035
9072,0.8827857751659681
9073,0.41153263410054775
9074,0.8559794466076042
9075,0.07897563188108767
9076,0.14013966971572692
9077,0.20991737181740755
9078,0.8518240107109093
9079,0.09990441517579189
9080,0.8951226933828855
9081,0.09711685500929176
9082,0.24422020090741323
9083,0.41879736305491166
9084,0.7026506951133644
9085,0.8936183732435631
9086,0.6644355235674239
9087,0.1567571171328309
9088,0.7027004047826122
9089,0.1372077543927803
9090,0.9053740924989967
9091,0.2742097866206122
9092,0.9141920120757737
9093,0.2228017851433277
9094,0.16841738893013788
9095,0.722509345971128
9096,0.9517151816850842
9097,0.2496318261531182
9098,0.12404501499039301
9099,0.7472781921626549
9100,0.5959782739178388
9101,0.9555948211474783
9102,0.7658472758235233
9103,0.4452576435425185
9104,0.36155654040596913
9105,0.8528335634178801
9106,0.9436987693385068
9107,0.32396051761422945
9108,0.7233743922145311
9109,0.8946095220570408
9110,0.8656446072168307
9111,0.905411616705109
9112,0.12236977715324673
9113,0.6471331300252308
9114,0.5151532655012379
9115,0.7208408321750998
9116,0.8434792962439089
9117,0.8046660492518388
9118,0.9068609955887659
9119,0.1818875008758318
9120,0.8186553863872456
9121,0.21741673988399043
9122,0.4135930850481521
9123,0.6558164234839199
9124,0.1993661877995422
9125,0.27059112344697916
9126,0.3648850128250643
9127,0.4663442205603781
9128,0.6740278099204049
9129,0.6786735740661107
9130,0.0839330935166625
9131,0.8237018596955904
9132,0.9788230922968008
9133,0.4019583377783881
9134,0.1391045296872911
9135,0.6329443177446351
9136,0.37197874329767683
9137,0.7844151091957815
9138,0.5491835009932113
9139,0.20978005159817487
9140,0.15276601765306252
9141,0.9633112552078006
9142,0.594382922265377
9143,0.5929493642637095
9144,0.9553120590764312
9145,0.6006581510691712
9146,0.14167905265347366
9147,0.0675067962507494
9148,0.2187292091445233
9149,0.5052224196761881
9150,0.476676833445842
9151,0.7751937116459349
9152,0.9130818252852999
9153,0.7093053769209788
9154,0.5886943642473658
9155,0.03225091818287342
9156,0.9005348685467113
9157,0.9484004031616274
9158,0.710347584354595
9159,0.09110815799660649
9160,0.6235979537780117
9161,0.2144067491528644
9162,0.3536005131567768
9163,0.5278168369155527
9164,0.8954976485865747
9165,0.4580673261802652
9166,0.9240872554606392
9167,0.9273687380580368
9168,0.6032264015217115
9169,0.905996379836328
9170,0.7429522850513013
9171,0.43771392355625527
9172,0.09084922544513525
9173,0.09212122421762822
9174,0.3452051463189551
9175,0.91977962980695
9176,0.5897350864510924
9177,0.6192560166705984
9178,0.5101642278920897
9179,0.941195920256054
9180,0.1719575805733127
9181,0.11458534734093223
9182,0.9169650514776804
9183,0.2608114984211241
9184,0.7543770875151217
9185,0.7827656524488006
9186,0.6017004332480761
9187,0.19784930890649205
9188,0.321512898536369
9189,0.3815635807835297
9190,0.09234910385769282
9191,0.42983567645490195
9192,0.8572147386138631
9193,0.7129577168308802
9194,0.29031100807745597
9195,0.7631563459911489
9196,0.9552172659779371
9197,0.054167568963976315
9198,0.7787068282864845
9199,0.6135838753417775
9200,0.7381892010367622
9201,0.18244222226705245
9202,0.5392133585574904
9203,0.9089818804490954
9204,0.753649763940343
9205,0.11204085817171579
9206,0.36744351275104337
9207,0.3568722568439563
9208,0.9575104748330453
9209,0.4633725722765215
9210,0.03913769817330546
9211,0.3048654171130073
9212,0.15928012667536492
9213,0.43790225621961304
9214,0.7322910289433664
9215,0.5819536547323122
9216,0.6521288778381839
9217,0.8151429713984207
9218,0.6238699907869735
9219,0.051586249318719746
9220,0.7255374263283084
9221,0.24534417904164418
9222,0.6471928616443087
9223,0.18554187377913928
9224,0.7474117125073286
9225,0.8864177296712076
9226,0.12469475955430356
9227,0.8988746492224574
9228,0.7891822699756643
9229,0.9707944778344271
9230,0.6335537945021256
9231,0.6430085647135124
9232,0.48811391235975954
9233,0.6495093415492064
9234,0.8960059520876993
9235,0.07741592190172028
9236,0.5371370317869602
9237,0.1463582532599597
9238,0.14879850198344918
9239,0.3834274542211785
9240,0.37671469936700047
9241,0.9526434595994973
9242,0.4952697923509539
9243,0.7708638087138886
9244,0.31366666595965975
9245,0.06283483472882602
9246,0.6745448110323533
9247,0.21346969153060805
9248,0.9117501599349171
9249,0.2813918002316445
9250,0.7660947230243317
9251,0.7715129108535743
9252,0.17699406371916745
9253,0.46997295695186636
9254,0.6602789288391264
9255,0.24777080110042332
9256,0.8350165531095977
9257,0.9517030916709445
9258,0.052751938601039196
9259,0.1806807007982899
9260,0.6199984548503201
9261,0.7603194969024997
9262,0.26914896444188335
9263,0.8468350713308564
9264,0.23110339898948376
9265,0.8288795896960349
9266,0.8712429365147344
9267,0.5434588550135838
9268,0.6643019541160796
9269,0.9425737574755557
9270,0.9354212140595152
9271,0.22536692829568447
9272,0.05044114351571901
9273,0.8832588464018509
9274,0.9046439827419269
9275,0.9380054158042604
9276,0.23131075587078723
9277,0.4461614458636158
9278,0.3671883344541537
9279,0.8978129070959523
9280,0.5694369677623051
9281,0.8596686854964329
9282,0.01906032718794322
9283,0.5882021413860252
9284,0.78018128785273
9285,0.16916302818337672
9286,0.07391592062585915
9287,0.12069683171602341
9288,0.8003080403075448
9289,0.4119390487470304
9290,0.9776019495057132
9291,0.75648305386103
9292,0.4591349258439438
9293,0.7017734740611604
9294,0.39944818228227646
9295,0.5441102291745018
9296,0.06087669362545219
9297,0.19359878127467356
9298,0.23773528647264175
9299,0.3856445909972518
9300,0.9564981832298173
9301,0.5421428417142955
9302,0.7638967811649106
9303,0.8781215930939841
9304,0.022579677487181482
9305,0.07816179736822114
9306,0.7420248790967647
9307,0.9276804286730196
9308,0.5172330257394435
9309,0.07509435831457384
9310,0.5997743038894814
9311,0.6742222109626788
9312,0.6247024199310578
9313,0.39623198744086024
9314,0.837220270543747
9315,0.041587816931262886
9316,0.978368081138873
9317,0.21086579825065552
9318,0.5398227925226149
9319,0.16030722399878172
9320,0.9724315070630212
9321,0.5337860420673454
9322,0.5667663169976901
9323,0.49236071165012285
9324,0.021500554435293997
9325,0.0866116245395704
9326,0.6200544765709938
9327,0.07221235428393644
9328,0.28223073723480085
9329,0.18152298241026846
9330,0.8461091735791434
9331,0.3224909554303814
9332,0.6329883808628977
9333,0.796987202872479
9334,0.21559576812868217
9335,0.8078104857815476
9336,0.9132655669328451
9337,0.14780191059790004
9338,0.8475864902883348
9339,0.5294795500264022
9340,0.6685611606458518
9341,0.48898531340064094
9342,0.7758011216144974
9343,0.19231073116221448
9344,0.5344343510673112
9345,0.37039027604376573
9346,0.051780073361192745
9347,0.940923346254977
9348,0.9671965462056824
9349,0.2012203584605242
9350,0.6429749384591245
9351,0.6933168424451617
9352,0.5727743252298858
9353,0.258337628042748
9354,0.4917230252396417
9355,0.22720904044875856
9356,0.2498111325512728
9357,0.1664703455916583
9358,0.32813481978315123
9359,0.42863550840583636
9360,0.6693963218387441
9361,0.8062904968021442
9362,0.43380512490977957
9363,0.8061636804014699
9364,0.976499793989838
9365,0.08414239151160023
9366,0.030659577655956657
9367,0.7594753023309891
9368,0.8968444294822038
9369,0.820956342175711
9370,0.6961097255668101
9371,0.7243443834032999
9372,0.14200182965967734
9373,0.14611533634309562
9374,0.7022715987926882
9375,0.5370591416683741
9376,0.7888472895012476
9377,0.9578524912186756
9378,0.02547053928631837
9379,0.1670098053332261
9380,0.9421558588842505
9381,0.8644206958102455
9382,0.22479638813626676
9383,0.8873732705597296
9384,0.03945338214491202
9385,0.7555584606492568
9386,0.9620286451786937
9387,0.5723553852036924
9388,0.7178482331938566
9389,0.65950953032368
9390,0.9472094448029134
9391,0.6676039324479628
9392,0.9087144434917082
9393,0.07775230699575761
9394,0.8497880320412399
9395,0.8647268075098125
9396,0.6823557254409085
9397,0.5055324223965251
9398,0.6810639916654626
9399,0.3345478235627745
9400,0.9790657522192581
9401,0.25390500156828705
9402,0.5702707349841456
9403,0.8911564993631594
9404,0.3322685424563333
9405,0.9045756389545591
9406,0.8405242997843452
9407,0.9183337896445896
9408,0.6385118318864688
9409,0.11827716161818119
9410,0.5630101660473565
9411,0.03873774695246283
9412,0.5767119959696162
9413,0.02957706064183572
9414,0.5268743136430151
9415,0.7692540545089191
9416,0.8570504150622474
9417,0.5533351133199914
9418,0.19376023865116573
9419,0.6428133824246677
9420,0.5672842374072539
9421,0.11695432936652381
9422,0.8815819243566607
9423,0.8654806399862781
9424,0.37301615840781727
9425,0.6524156641496208
9426,0.11592615162795933
9427,0.8526386067413089
9428,0.5251792027242452
9429,0.9482037711134559
9430,0.9102217016359647
9431,0.9361959801885256
9432,0.9673056471156535
9433,0.8369094331085559
9434,0.3039875583365636
9435,0.04627722117228972
9436,0.8289946268908883
9437,0.7212825180479865
9438,0.18825550249980805
9439,0.8361484815302856
9440,0.9445385271500456
9441,0.8285783620889011
9442,0.19989916885658146
9443,0.5877450076183347
9444,0.31071252933033155
9445,0.7219797797591622
9446,0.012629037332104085
9447,0.10578249685384442
9448,0.02733481493061402
9449,0.5901196685898178
9450,0.8694569123023594
9451,0.4126390083254306
9452,0.5974811520433201
9453,0.051700548733645005
9454,0.955448596313669
9455,0.8508952501888711
9456,0.6072532633855601
9457,0.8662088847285838
9458,0.11618536166124589
9459,0.8315860110525842
9460,0.9618901739157141
9461,0.14269061099527489
9462,0.9050360246566743
9463,0.26721214508779784
9464,0.13797778393767027
9465,0.11445048953421447
9466,0.3077185815256423
9467,0.34751799453115406
9468,0.28098768854202105
9469,0.966413477049268
9470,0.37500221749190554
9471,0.581694117459776
9472,0.7540378176496906
9473,0.7644191829587194
9474,0.4474644438408916
9475,0.8188428037344077
9476,0.4825691884651284
9477,0.3491728526714749
9478,0.03486137049575719
9479,0.47495854450495206
9480,0.8782558908590505
9481,0.490294540206366
9482,0.947494170999132
9483,0.9238822870360037
9484,0.9422721264392943
9485,0.892760273387309
9486,0.8647710497065456
9487,0.7924779559130837
9488,0.8794042372374249
9489,0.8472691402464482
9490,0.8853905741630699
9491,0.15439784321934366
9492,0.4450830657848477
9493,0.5835146766050877
9494,0.8710479669482407
9495,0.28097599027324927
9496,0.9141423986507318
9497,0.41870039417622695
9498,0.40179561156291344
9499,0.1481922360718991
9500,0.5655627980476563
9501,0.7787028032082898
9502,0.8842269637166086
9503,0.2901264720616455
9504,0.8064604441326845
9505,0.9419657086596477
